Model,Company,Color,Type,Average Rating,Number of Ratings,Selling Price,Maximum Retail Price,Discount
5PLUS 5PHP28 Wired without Mic Headset,5PLUS,Red, On the Ear,3.6,101,496,3399,2903
A R Wireless compatible with Headset Bluetooth SPORT ME...,A R,Red, Multicolor,3.9,35280,188,799,611
Aerizo Wireless Touch R100 Earbuds (Black) Bluetooth He...,Aerizo,Black, True Wireless,4,1934,589,1298,709
Allmusic powerful driven bass with dynamic beats powere...,Allmusic,Multicolor, In the Ear,4,15841,260,1599,1339
Allmusic OPP.O Ultra HD Sound Premium Bass Sports /Gym/...,Allmusic,Black, In the Ear,3.8,10766,270,999,729
"Allmusic Op.po F11 pro,A3s,F9 Pro,K1,A5,A7,F9,F7,A5s,F5...",Allmusic,Black, In the Ear,3.7,85,199,749,550
Aloof A31 Bluetooth Headset,Aloof,Green, In the Ear,3.9,809,599,1599,1000
Aloof A31 Bluetooth Headset,Aloof,Green, In the Ear,3.9,809,599,1599,1000
ALTRONICS High Bass Universal Wired Earphone Mic For V1...,ALTRONICS,White, In the Ear,4,41082,299,599,300
Ambrane NeoBuds-33 Bluetooth Headset,Ambrane,Indigo Blue, True Wireless,3.9,4849,985,1799,814
Ambrane NeoBuds-33 Bluetooth Headset,Ambrane,Black, True Wireless,3.9,4849,987,1799,812
Ambrane BassBand Beat Bluetooth Headset,Ambrane,Grey, In the Ear,4.2,120,759,2999,2240
Ambrane BassBand Lite Bluetooth Headset,Ambrane,Black, In the Ear,3.9,73755,788,1399,611
Ambrane BassBand Lite Bluetooth Headset,Ambrane,Black, In the Ear,3.8,679,788,1299,511
Ambrane BassBand Beat Bluetooth Headset,Ambrane,Black, In the Ear,3.8,1316,759,1499,740
Ambrane NeoBuds-33 Bluetooth Headset,Ambrane,White, True Wireless,3.4,20,999,990,-9
Ambrane NeoBuds-33 Bluetooth Headset,Ambrane,Pink, True Wireless,4,389,949,1799,850
AMJ Wireless Magnet Bluetooth EarphoneSports for Runnin...,AMJ,Black, In the Ear,4,3,139,349,210
"AMJ Audio Headsets with 10mm Drivers, Sports Bluetooth ...",AMJ,Black, In the Ear,4.4,23,369,799,430
AMJ HBS_730Bluetooth Bluetooth Headset,AMJ,Black, In the Ear,3.5,140,220,699,479
AMJ Sports 9-R1 Wireless Bluetooth Bluetooth Headset,AMJ,Yellow, In the Ear,4.4,20395,238,899,661
AMJ Sports 9-R1 Wireless Bluetooth Bluetooth Headset,AMJ,Yellow, In the Ear,3.9,10398,238,899,661
APPLE MNHF2ZM/A Wired Headset,APPLE,White, In the Ear,4.1,11138,1900,4495,2595
ARHUB A1 bluetooth o for Viv_o/Hono_r/Sam_sung/IOS/Op_p...,ARHUB,Black, True Wireless,5,0,225,599,374
ARHUB A1 bluetooth o for Viv_o/Hono_r/Sam_sung/IOS/Op_p...,ARHUB,Black, True Wireless,3,0,225,599,374
Aroma NB120 Tehalka - 28 Hours Playtime Bluetooth Neckb...,Aroma,Black, In the Ear,3.9,10398,379,1999,1620
Aroma NB119B Badshah - 40 Hours Playtime Bluetooth Neck...,Aroma,Black, In the Ear,4,29426,459,1499,1040
Aroma NB133B Straight Wireless Earbuds Bluetooth Headse...,Aroma,Black, True Wireless,4.2,58523,699,2499,1800
Aroma NB119C Carter - 36 Hours Playtime Bluetooth Neckb...,Aroma,Black, In the Ear,3.7,92346,449,1999,1550
Aroma NB119 Titanium - 48 Hours Playtime Bluetooth Neck...,Aroma,Blue, In the Ear,3.8,631,649,2499,1850
Aroma NB120B Dhoom - 28 Hours Playtime Bluetooth Neckba...,Aroma,Black, In the Ear,3.4,183,379,1999,1620
Aroma NB120 Tehalka - 28 Hours Playtime Bluetooth Neckb...,Aroma,Black, In the Ear,3.9,10398,379,1999,1620
Aroma NB119 Titanium - 48 Hours Playtime Bluetooth Neck...,Aroma,Black, In the Ear,4.1,14148,649,2499,1850
Aroma NB119 Advance - 40 Hours Playtime Bluetooth Neckb...,Aroma,Yellow, Black,4.2,1299042,533,2499,1966
Aroma NB119D Dream - 48 Hours Playtime Bluetooth Neckba...,Aroma,Black, In the Ear,4.1,166582,599,1999,1400
Aroma NB133B Straight Wireless Earbuds Bluetooth Headse...,Aroma,Black, True Wireless,4,21398,699,2499,1800
Aroma NB120B Dhoom - 28 Hours Playtime Bluetooth Neckba...,Aroma,Black, In the Ear,4,9619,379,1999,1620
Aroma NB120 Tehalka - 28 Hours Playtime Bluetooth Neckb...,Aroma,Black, In the Ear,3.9,10398,379,1999,1620
Aroma NB119 Advance - 40 Hours Playtime Bluetooth Neckb...,Aroma,Yellow, Black,4,2834,533,2499,1966
Aroma NB119 Pro Belief- 30 Hours Playtime Bluetooth Nec...,Aroma,Black, In the Ear,4,41625,439,1499,1060
Aroma NB119 Rock - 40 Hours Playtime Bluetooth Neckband...,Aroma,Black, In the Ear,4,2909,669,2999,2330
Aroma NB120 Tehalka - 28 Hours Playtime Bluetooth Neckb...,Aroma,Black, In the Ear,3.9,10398,379,1999,1620
Aroma NB136A Rifle Gaming Earbuds Bluetooth Gaming Head...,Aroma,Black, True Wireless,4,30895,854,2499,1645
Aroma NB119 Advance - 40 Hours Playtime Bluetooth Neckb...,Aroma,Yellow, Black,3.7,134,533,2499,1966
Aroma NB119 Champion - 50 Hours Playtime Bluetooth Neck...,Aroma,Blue, In the Ear,4,0,649,2999,2350
Aroma NB120 Tehalka - 28 Hours Playtime Bluetooth Neckb...,Aroma,Black, In the Ear,3.9,10398,379,1999,1620
Aroma NB119 Advance - 40 Hours Playtime Bluetooth Neckb...,Aroma,Yellow, Black,4,2834,533,599,66
Aroma NB119 Diamond - 50 Hours Playtime Bluetooth Neckb...,Aroma,Black, In the Ear,3.4,39770,649,2999,2350
Aroma NB119 Metal - 40 Hours Playtime Bluetooth Neckban...,Aroma,Black, In the Ear,4,206,465,2499,2034
Aroma NB120 Tehalka - 28 Hours Playtime Bluetooth Neckb...,Aroma,Black, In the Ear,3.9,10398,379,1999,1620
Aroma NB119 Diamond - 50 Hours Playtime Bluetooth Neckb...,Aroma,Black, In the Ear,4.1,866,649,2499,1850
Aroma NB119 Advance - 40 Hours Playtime Bluetooth Neckb...,Aroma,Yellow, Black,3.8,3440,533,2499,1966
Aroma NB120B Dhoom - 28 Hours Playtime Bluetooth Neckba...,Aroma,Black, In the Ear,4.3,114661,379,1999,1620
Aroma NB133B Straight Wireless Earbuds Bluetooth Headse...,Aroma,Black, True Wireless,5,0,699,2499,1800
Aroma NB120 Tehalka - 28 Hours Playtime Bluetooth Neckb...,Aroma,Black, In the Ear,3.9,10398,379,1999,1620
Aroma NB119 Advance - 40 Hours Playtime Bluetooth Neckb...,Aroma,Yellow, Black,3.7,8086,533,2499,1966
Aroma NB119 Champion - 50 Hours Playtime Bluetooth Neck...,Aroma,Black, In the Ear,4.1,1089,649,2999,2350
Aroma NB133B Straight Wireless Earbuds Bluetooth Headse...,Aroma,Black, True Wireless,3.5,573,699,2499,1800
Aroma NB120 Tehalka - 28 Hours Playtime Bluetooth Neckb...,Aroma,Black, In the Ear,3.9,10398,379,1999,1620
Aroma NB119 Bullet - 40 Hours Playtime Bluetooth Neckba...,Aroma,Red, Black,3.8,825,528,2499,1971
Aroma NB119 Advance - 40 Hours Playtime Bluetooth Neckb...,Aroma,Yellow, Black,3.7,18513,533,2499,1966
Aroma NB119 Champion - 50 Hours Playtime Bluetooth Neck...,Aroma,Black, In the Ear,4.1,1089,649,2999,2350
Aroma NB120 Tehalka - 28 Hours Playtime Bluetooth Neckb...,Aroma,Black, In the Ear,3.9,10398,379,1999,1620
Aroma NB119 Platinum - 48 Hours Playtime Bluetooth Neck...,Aroma,Black, In the Ear,4,2684,649,2499,1850
Aroma NB119 Advance - 40 Hours Playtime Bluetooth Neckb...,Aroma,Yellow, Black,3.7,302,533,2499,1966
Aroma NB133B Straight Wireless Earbuds Bluetooth Headse...,Aroma,Black, True Wireless,3.5,24696,699,2499,1800
Aroma NB120 Tehalka - 28 Hours Playtime Bluetooth Neckb...,Aroma,Black, In the Ear,3.7,18513,379,1999,1620
Aroma NB119 Advance - 40 Hours Playtime Bluetooth Neckb...,Aroma,Yellow, Black,3.8,302,533,2499,1966
Aroma NB120 Tehalka - 28 Hours Playtime Bluetooth Neckb...,Aroma,Black, In the Ear,3.5,1037,379,1999,1620
Aroma NB119 Advance - 40 Hours Playtime Bluetooth Neckb...,Aroma,Yellow, Black,3.3,1842,533,2499,1966
Aroma NB136A Rifle Gaming Earbuds Bluetooth Gaming Head...,Aroma,Yellow, True Wireless,3.7,1163,799,1999,1200
Aroma NB120 Tehalka - 28 Hours Playtime Bluetooth Neckb...,Aroma,Black, In the Ear,4,6102,379,2990,2611
Aroma NB119 Bullet - 40 Hours Playtime Bluetooth Neckba...,Aroma,Black, In the Ear,4,333036,528,3499,2971
Aroma NB119 Advance - 40 Hours Playtime Bluetooth Neckb...,Aroma,Yellow, Black,3.9,55,533,999,466
Aroma NB120B Dhoom - 28 Hours Playtime Bluetooth Neckba...,Aroma,Black, In the Ear,3.9,221939,379,1599,1220
Aroma NB133B Straight Wireless Earbuds Bluetooth Headse...,Aroma,Black, True Wireless,3.7,0,699,0,-699
Aroma NB120 Tehalka - 28 Hours Playtime Bluetooth Neckb...,Aroma,Black, In the Ear,3.9,10398,379,1999,1620
Aroma NB119 Bullet - 40 Hours Playtime Bluetooth Neckba...,Aroma,Black, In the Ear,3.8,825,528,3800,3272
Aroma NB119 Advance - 40 Hours Playtime Bluetooth Neckb...,Aroma,Yellow, Black,3.6,72,533,999,466
Aroma NB120 Pro Bigtime - 60 Hours Playtime Bluetooth N...,Aroma,Red, Black,3.6,947,598,3499,2901
Aroma NB119 Freedom - 72 Hours Playtime Bluetooth Neckb...,Aroma,Black, In the Ear,3.8,27,749,2999,2250
Aroma NB119 Rock - 40 Hours Playtime Bluetooth Neckband...,Aroma,Orange, In the Ear,4,2909,669,2999,2330
Aroma NB120 Tehalka - 28 Hours Playtime Bluetooth Neckb...,Aroma,Black, In the Ear,3.9,10398,379,2499,2120
Aroma NB119 Advance - 40 Hours Playtime Bluetooth Neckb...,Aroma,Yellow, Black,3.9,191,533,2499,1966
Aroma NB120 Tehalka - 28 Hours Playtime Bluetooth Neckb...,Aroma,Black, In the Ear,4.2,5,379,1999,1620
Aroma NB119 Advance - 40 Hours Playtime Bluetooth Neckb...,Aroma,Yellow, Black,3.9,35280,533,2499,1966
Aroma NB120 Tehalka - 28 Hours Playtime Bluetooth Neckb...,Aroma,Black, In the Ear,3.9,10398,379,1999,1620
Aroma NB119 Advance - 40 Hours Playtime Bluetooth Neckb...,Aroma,Yellow, Black,4.2,10,533,2499,1966
Aroma NB133B Straight Wireless Earbuds Bluetooth Headse...,Aroma,Black, True Wireless,3.5,0,699,2499,1800
Aroma NB120 Tehalka - 28 Hours Playtime Bluetooth Neckb...,Aroma,Black, In the Ear,3.5,2169,379,1999,1620
Aroma NB119 Advance - 40 Hours Playtime Bluetooth Neckb...,Aroma,Yellow, Black,3.5,1169,533,2499,1966
Aroma NB134C Gun Gaming Earbuds Bluetooth Gaming Headse...,Aroma,Black, True Wireless,3.3,18,949,2999,2050
Aroma NB120 Tehalka - 28 Hours Playtime Bluetooth Neckb...,Aroma,Black, In the Ear,3.7,670,379,1999,1620
Aroma NB120 Pro Bigtime - 60 Hours Playtime Bluetooth N...,Aroma,Silver, Black,3.7,6415,598,3499,2901
Aroma NB119 Advance - 40 Hours Playtime Bluetooth Neckb...,Aroma,Yellow, Black,3.4,34,533,2499,1966
Aroma NB133B Straight Wireless Earbuds Bluetooth Headse...,Aroma,Black, True Wireless,3.3,4027,699,2499,1800
Aroma NB120 Tehalka - 28 Hours Playtime Bluetooth Neckb...,Aroma,Black, In the Ear,4.3,14,379,1999,1620
Aroma NB119 Advance - 40 Hours Playtime Bluetooth Neckb...,Aroma,Yellow, Black,3.6,1904,533,2499,1966
Aroma NB133B Straight Wireless Earbuds Bluetooth Headse...,Aroma,Black, True Wireless,3.7,0,699,1999,1300
Aroma NB120 Tehalka - 28 Hours Playtime Bluetooth Neckb...,Aroma,Black, In the Ear,3.9,10398,379,1999,1620
Aroma NB134C Gun Gaming Earbuds Bluetooth Gaming Headse...,Aroma,Black, True Wireless,3.3,18,949,2999,2050
Aroma NB119 Advance - 40 Hours Playtime Bluetooth Neckb...,Aroma,Yellow, Black,4.4,8,533,2499,1966
Aroma NB133B Straight Wireless Earbuds Bluetooth Headse...,Aroma,Black, True Wireless,1,0,699,2499,1800
Aroma NB120 Tehalka - 28 Hours Playtime Bluetooth Neckb...,Aroma,Black, In the Ear,3.8,34,379,1999,1620
Aroma NB119 Advance - 40 Hours Playtime Bluetooth Neckb...,Aroma,Yellow, Black,3.6,802,533,2499,1966
Aroma NB133B Straight Wireless Earbuds Bluetooth Headse...,Aroma,Black, True Wireless,3.8,0,699,2499,1800
"ASWORLD EARPHONES Wired, Bluetooth Headset",ASWORLD,White, In the Ear,4,29660,499,999,500
Attrrix Wireless Earphones Bluetooth 5.0 Bluetooth Head...,Attrrix,Black, True Wireless,3.8,25,699,2499,1800
"AUDONIC Earphones with mic for A3s,A5s,A7,A37,A57,A71,A...",AUDONIC,White, In the Ear,3.6,1238,268,899,631
Avlokan Air Tune (Buds) True Wireless Bluetooth Headset...,Avlokan,Black, True Wireless,4,93468,426,1299,873
Avlokan Air Tune (Buds) True Wireless Bluetooth Headset...,Avlokan,Assorted, True Wireless,3.5,557,426,1299,873
AXYRO SN-K1 356 Bluetooth Headset,AXYRO,Black, In the Ear,3.8,999,152,999,847
AXYRO AR-7-SINGLE-WHITE-210 Bluetooth Headset,AXYRO,White, Steel,3.9,221939,167,999,832
AXYRO AR-7-SINGLE-WHITE-210 Bluetooth Headset,AXYRO,White, Steel,3.3,716,167,399,232
"AXYRO Low Price ,HBS-730 sports Wireless Bluetooth Head...",AXYRO,Multicolor, On the Ear,3.8,665,303,999,696
Benco Air1 TWS Gaming Earbuds with 12mm driver 60ms Lat...,Benco,Black, True Wireless,3.9,10398,999,3599,2600
Bhanu i7S Twins Earbuds Headphone with Charging box Min...,Bhanu,White, True Wireless,4,63970,449,1499,1050
Bhanu 100% Party Sound Powerfull Dynamic Drivers for Ef...,Bhanu,Black, In the Ear,3.6,148,299,1899,1600
Bhanu Hurry Best Deal High Level Party Sound &Bass in B...,Bhanu,Blue, In the Ear,1,0,299,1699,1400
Blaupunkt EM01 Wired Headset,Blaupunkt,Black, In the Ear,4.2,33645,349,5499,5150
Blaupunkt BTW25F GR Bluetooth Headset,Blaupunkt,Green, True Wireless,3.9,10398,1999,2999,1000
blue seed BBD-S19 Wireless Earbuds 5.0 Headsets Dual Ea...,blue,Black, True Wireless,3.6,45,662,1599,937
blue seed BBD-S19 Wireless Earbuds 5.0 Headsets Dual Ea...,blue,Black, True Wireless,3.6,45,662,299,-363
blue seed BBD-S19 9d holographic Sound Bluetooth Headse...,blue,Multicolor, True Wireless,3.2,52,662,1299,637
BLYTHE KAJU Bluetooth Mini Earphone Bluetooth Headset,BLYTHE,Black, True Wireless,3.7,1163,179,999,820
boAt Bassheads 103 Black Wired Headset,boAt,Black, In the Ear,4.2,1299042,349,1290,941
boAt Rockerz 235v2 with ASAP charging Version 5.0 Bluet...,boAt,Black, In the Ear,3.4,48161,999,2990,1991
boAt Airdopes 131 Bluetooth Headset,boAt,Active Black, True Wireless,4.2,1299042,1099,2990,1891
boAt Rockerz 235v2 with ASAP charging Version 5.0 Bluet...,boAt,Blue, In the Ear,4.3,437395,999,2990,1991
boAt Airdopes 131 Bluetooth Headset,boAt,Midnight Blue, True Wireless,3.4,12140,1099,2990,1891
boAt Rockerz 255F Bluetooth Headset,boAt,Active Black, In the Ear,4.3,90,1099,2990,1891
boAt Rockerz 333 Upto 30 Hours Battery Bluetooth Headse...,boAt,Active Black, In the Ear,4.1,56420,1499,3990,2491
boAt Bassheads 100 Wired Headset,boAt,Black, In the Ear,4.3,535144,399,999,600
boAt Rockerz 255F Pro with ASAP Charge and upto 10 Hour...,boAt,Active Black, In the Ear,3.9,18893,1149,3499,2350
boAt Airdopes 131 Bluetooth Headset,boAt,Cherry Blossom, True Wireless,4,625672,1099,2990,1891
boAt Rockerz 255F Pro+ Bluetooth Headset,boAt,Active Black, In the Ear,4.2,219374,1169,3990,2821
boAt Rockerz 235v2 with ASAP charging Version 5.0 Bluet...,boAt,Red, In the Ear,4.1,5803,999,2990,1991
boAt Rockerz 333 Upto 30 Hours Battery Bluetooth Headse...,boAt,Navy Blue, In the Ear,4,93468,1499,3990,2491
boAt BassHeads 220 Wired Headset,boAt,Red, In the Ear,4.2,824592,404,999,595
boAt Rockerz 333 Pro with 60 Hours Battery Bluetooth He...,boAt,Navy Blue, In the Ear,4.3,1752,1799,2990,1191
boAt Rockerz 450 with Upto 15 Hours Playback Bluetooth ...,boAt,Luscious Black, On the Ear,4.3,291076,1299,3990,2691
boAt Rockerz 450 with Upto 15 Hours Playback Bluetooth ...,boAt,Hazel Beige, On the Ear,4.3,291076,1299,3990,2691
boAt BassHeads 100 Wired Headset,boAt,Furious Red, In the Ear,4.3,1049774,399,999,600
boAt Rockerz 255F Pro with Fast Charging Bluetooth Head...,boAt,Navy Blue, In the Ear,4.2,229212,1149,3499,2350
boAt BassHeads 220 Super Extra Bass Wired Headset,boAt,Neon Lime, In the Ear,4.2,824592,399,999,600
boAt Rockerz 235v2 Bluetooth Headset,boAt,Black, In the Ear,4.2,1299042,999,2990,1991
boAt Rockerz 255F Pro with Fast Charging Bluetooth Head...,boAt,Blazing Yellow, In the Ear,4.2,229212,1149,3249,2100
boAt BassHeads 100 Wired Headset,boAt,Taffy Pink, In the Ear,4.3,1049774,399,999,600
boAt Rockerz 255F Pro with Fast Charging Bluetooth Head...,boAt,Raging Red, In the Ear,3.8,60,1149,3499,2350
boAt BassHeads 172 Wired Headset,boAt,Jazzy Blue, In the Ear,4,25305,499,1299,800
boAt BassHeads 100 Wired Headset,boAt,White, In the Ear,3.7,6288,399,839,440
boAt Airdopes 402 Bluetooth Headset,boAt,Bold Blue, True Wireless,3.9,202799,1599,5990,4391
boAt Bassheads 242 Wired Headset,boAt,Blue, In the Ear,4.3,405112,549,1490,941
boAt Rockerz 510 Super Extra Bass Bluetooth Headset,boAt,Furious blue, On the Ear,4.4,151981,1399,3490,2091
boAt Rockerz 255F Pro/ Rockerz 255 Pro Bluetooth Headse...,boAt,Active Black Indi, In the Ear,3.9,239,1149,3499,2350
boAt BassHeads 900 Super Extra Bass Wired Headset,boAt,Pearl White, On the Ear,4.4,238169,699,2499,1800
boAt Bassheads 104 Wired Headset,boAt,White, In the Ear,4.3,291076,399,3990,3591
boAt Rockerz 450 with Upto 15 Hours Playback Bluetooth ...,boAt,Aqua Blue, On the Ear,3,6,1499,4999,3500
boAt BassHeads 172 Wired Headset,boAt,Raging Red, In the Ear,5,0,499,999,500
boAt Rockerz 450 with Upto 15 Hours Playback Bluetooth ...,boAt,Aqua Blue, On the Ear,4.3,291076,1499,3990,2491
boAt Bassheads 104 Wired Headset,boAt,White, In the Ear,4.2,25388,399,999,600
boAt BassHeads 172 Wired Headset,boAt,Raging Red, In the Ear,3.9,35280,499,1299,800
boAt Airdopes 431 Bluetooth Headset,boAt,Sporty Blue, In the Ear,3.9,10274,1999,5999,4000
boAt Rockerz 400 Bluetooth Headset,boAt,Red, Black,4.3,310831,1299,2990,1691
boAt BassHeads 182 Wired Headset,boAt,Jazzy Blue, In the Ear,4.3,114916,499,1299,800
boAt Bassheads 100 Wired Headset,boAt,Mint Orange, In the Ear,4.3,1049774,399,999,600
boAt Airdopes 381 with ASAP charge Bluetooth Headset,boAt,Mint Purple, True Wireless,3.9,221939,1799,4990,3191
boAt BassHeads 182 Wired Headset,boAt,Raging Red, In the Ear,4.3,36720,499,1296,797
boAt Rockerz 370 Bluetooth Headset,boAt,Gregarious Green, On the Ear,4.2,40041,999,2499,1500
boAt Airdopes 381 with ASAP charge Bluetooth Headset,boAt,Spirit Lime, True Wireless,4.1,1712,1799,4990,3191
boAt Bassheads 242 Wired Headset,boAt,Active Black, In the Ear,3.5,24696,404,1490,1086
boAt Bassheads 100 Wired Headset,boAt,Courageous Orange, In the Ear,4.3,1049774,399,999,600
boAt Airdopes 381 with ASAP charge Bluetooth Headset,boAt,Spirit Lime, True Wireless,3.9,221939,1799,4990,3191
boAt Bassheads 242 Wired Headset,boAt,Active Black, In the Ear,3.7,117,404,1490,1086
boAt Bassheads 100 Wired Headset,boAt,Courageous Orange, In the Ear,3.6,113,399,999,600
boAt Rockerz 450 Pro with Upto 70 Hours Playback Blueto...,boAt,Aqua Blue, On the Ear,4,1431,1999,3990,1991
boAt Airdopes 381 with ASAP charge Bluetooth Headset,boAt,Army Green, True Wireless,3.9,13327,1799,4990,3191
boAt Airdopes 381 with ASAP charge Bluetooth Headset,boAt,Mint Green, True Wireless,4,2834,1799,4990,3191
boAt Airdopes 491 True Wireless Bluetooth Headset,boAt,Spirit Lime, True Wireless,4.2,25388,2999,6990,3991
boAt Bassheads 104 Wired Headset,boAt,Admiral, In the Ear,4.1,5047,399,999,600
boAt Airdopes 381 with ASAP charge Bluetooth Headset,boAt,Mint Green, True Wireless,3.9,35280,1799,3499,1700
boAt Bassheads 220 Wired Headset,boAt,Molten Orange, In the Ear,3.7,6288,549,1999,1450
boAt Rockerz 400 Bluetooth Headset,boAt,Green, Grey,3.4,176,1299,5499,4200
boAt Rockerz 355 BBD Edition Bluetooth Headset,boAt,Active Black, In the Ear,3.5,524,2499,1998,-501
boAt Rockerz 400 Super Extra Bass Bluetooth Headset,boAt,Blue, Black,1,0,1299,5999,4700
boAt Immortal IM1300 Bluetooth Gaming Headset,boAt,White Sabre, On the Ear,3.7,1602,3499,9990,6491
boAt Rockerz 400 Bluetooth Headset,boAt,Carbon Black, On the Ear,4.3,310831,1499,2990,1491
boAt Rockerz 305v2 Bluetooth Headset,boAt,Active Black, In the Ear,4.3,7171,1599,3990,2391
Borneo HBS-730 Sports Headphone Wireless BT Earphone fo...,Borneo,Black, In the Ear,3.7,54,247,1299,1052
"Borneo Opp.o Premium Ultra HD Sound sports,|Gym|Running...",Borneo,Black, In the Ear,3.7,19,241,2499,2258
Boult Audio ProBass Curve Neckband Bluetooth Headset,Boult,Blue, Black,4,333036,799,3499,2700
Boult Audio AirBass Xpods TWS Earbuds with 20H Playtime...,Boult,Black, True Wireless,4,625672,1299,4999,3700
Boult Audio AirBass Combuds Bluetooth Headset,Boult,White, True Wireless,3.9,43126,1299,4999,3700
Boult Audio ProBass Curve Neckband Bluetooth Headset,Boult,Black, Grey,4,333036,999,3499,2500
Boult Audio ProBass Curve Neckband Bluetooth Headset,Boult,Blue, Black,4,333036,799,3499,2700
Boult Audio Bassbuds X1 Wired Headset,Boult,Black, In the Ear,3.9,35280,349,999,650
Boult Audio AirBass Xpods TWS Earbuds with 20H Playtime...,Boult,Black, True Wireless,3.7,6288,1299,4999,3700
Boult Audio ProBass Curve Neckband Bluetooth Headset,Boult,Red, Black,3.3,1842,809,3499,2690
Boult Audio AirBass Combuds Bluetooth Headset,Boult,White, True Wireless,3.9,217931,1299,4999,3700
Boult Audio ProBass Curve Neckband Bluetooth Headset,Boult,Black, Grey,4,333036,999,3499,2500
Boult Audio AirBass Xpods TWS Earbuds with 20H Playtime...,Boult,Black, True Wireless,3.9,35280,1299,4999,3700
Boult Audio FluidX Bluetooth Headset,Boult,Black, On the Ear,4.1,3030,1199,4999,3800
Boult Audio ProBass Curve Neckband Bluetooth Headset,Boult,Black, Grey,4,333036,999,3499,2500
Boult Audio AirBass Xpods TWS Earbuds with 20H Playtime...,Boult,Black, True Wireless,3.4,367,1299,4999,3700
Boult Audio Pro Bass Curve Pro Bluetooth Headset,Boult,Grey, In the Ear,3.3,1842,1099,4999,3900
Boult Audio ProBass Escape Bluetooth Headset,Boult,Black, In the Ear,3.9,13427,899,3999,3100
Boult Audio AirBass Xpods TWS Earbuds with 20H Playtime...,Boult,Blue, True Wireless,3.9,35280,1299,4999,3700
Boult Audio ProBass Curve Neckband Bluetooth Headset,Boult,Black, Grey,4,333036,999,3499,2500
Boult Audio AirBass Monopod Bluetooth Headset,Boult,Black, True Wireless,3.8,75014,580,4999,4419
Boult Audio AirBass Xpods TWS Earbuds with 20H Playtime...,Boult,Black, True Wireless,3.9,35280,1299,2490,1191
Boult Audio Bass Bud Q2 Wired Headset,Boult,Black, On the Ear,4.1,18050,590,1999,1409
Boult Audio Thunder Bluetooth Headset,Boult,Black, On the Ear,4.2,0,1199,1299,100
Boult Audio ProBass Curve Neckband Bluetooth Headset,Boult,Blue, Black,4,333036,799,3499,2700
Boult Audio ProBass Curve Neckband Bluetooth Headset,Boult,Black, Grey,4,333036,999,3499,2500
Boult Audio AirBass Xpods TWS Earbuds with 20H Playtime...,Boult,Black, True Wireless,3.8,449,1299,4999,3700
Boult Audio ProBass Curve Neckband Bluetooth Headset,Boult,Black, Grey,4,333036,999,3499,2500
Boult Audio AirBass Xpods TWS Earbuds with 20H Playtime...,Boult,Black, True Wireless,3.1,228,1299,4999,3700
Boult Audio FluidX Bluetooth Headset,Boult,Black, On the Ear,4.2,245914,1199,4999,3800
Boult Audio ProBass Curve Neckband Bluetooth Headset,Boult,Black, Grey,4,333036,999,3499,2500
Boult Audio AirBass FreePods Pro Bluetooth Headset,Boult,Black, True Wireless,3.3,10300,1499,5999,4500
Boult Audio AirBass Xpods TWS Earbuds with 20H Playtime...,Boult,Black, True Wireless,3.9,22,1299,4999,3700
Boult Audio AirBass FreePods Pro Bluetooth Headset,Boult,Black, True Wireless,3.3,10300,1499,5999,4500
Boult Audio ProBass Curve Neckband Bluetooth Headset,Boult,Blue, Black,4,333036,799,3499,2700
Boult Audio ProBass Curve Neckband Bluetooth Headset,Boult,Black, Grey,4,333036,999,3499,2500
Boult Audio AirBass Xpods TWS Earbuds with 20H Playtime...,Boult,Black, True Wireless,4.2,7050,1299,4999,3700
Boult Audio AirBass Combuds Bluetooth Headset,Boult,White, True Wireless,3.4,0,1299,4999,3700
Boult Audio ProBass Curve Neckband Bluetooth Headset,Boult,Black, Grey,3.6,773,999,3499,2500
Boult Audio AirBass GearPods with 32H Playtime Bluetoot...,Boult,Blue, True Wireless,3.3,1842,1499,5999,4500
Boult Audio AirBass Xpods TWS Earbuds with 20H Playtime...,Boult,Black, True Wireless,4.2,14154,1299,4999,3700
Boult Audio AirBass ENCore with Environmental Noise Can...,Boult,Black, True Wireless,3.5,31507,1999,6999,5000
Boult Audio ProBass Curve Neckband Bluetooth Headset,Boult,Black, Grey,3.7,3,999,3499,2500
Boult Audio AirBass Xpods TWS Earbuds with 20H Playtime...,Boult,Black, True Wireless,4.2,72556,1299,4999,3700
Boult Audio ProBass Curve Neckband Bluetooth Headset,Boult,Blue, Black,4,1193,799,2999,2200
Boult Audio ProBass Curve Neckband Bluetooth Headset,Boult,Black, Grey,4.1,404,999,7999,7000
Boult Audio AirBass Xpods TWS Earbuds with 20H Playtime...,Boult,Black, True Wireless,3.5,573,1299,500,-799
Boult Audio ProBass Curve Neckband Bluetooth Headset,Boult,Black, Grey,4,333036,999,1299,300
Boult Audio AirBass Xpods TWS Earbuds with 20H Playtime...,Boult,Black, True Wireless,4.2,824592,1299,1490,191
Boult Audio FluidX Bluetooth Headset,Boult,Black, On the Ear,5,0,1199,0,-1199
Boult Audio AirBass SoulPods Bluetooth Headset,Boult,White, True Wireless,3.3,0,2499,9999,7500
Boult Audio FluidX Bluetooth Headset,Boult,Black, On the Ear,1,0,1199,4999,3800
Boult Audio Bassbuds X1 Wired Headset,Boult,Red, In the Ear,4.1,166582,299,999,700
Boult Audio ProBass Curve Neckband Bluetooth Headset,Boult,Black, Grey,4,1143,999,2499,1500
Boult Audio AirBass Xpods TWS Earbuds with 20H Playtime...,Boult,Black, True Wireless,3.4,0,1299,2800,1501
Boult Audio ProBass Curve Neckband Bluetooth Headset,Boult,Black, Grey,4.6,28,999,3499,2500
Boult Audio AirBass Xpods TWS Earbuds with 20H Playtime...,Boult,Black, True Wireless,3.7,6288,1299,4999,3700
Boult Audio Bassbuds X1 Wired Headset,Boult,Red, In the Ear,4,0,299,999,700
Boult Audio ProBass Curve Neckband Bluetooth Headset,Boult,Blue, Black,4,333036,799,3499,2700
Boult Audio ProBass Curve Neckband Bluetooth Headset,Boult,Black, Grey,3.6,6222,999,3499,2500
Boult Audio AirBass Xpods TWS Earbuds with 20H Playtime...,Boult,Black, True Wireless,3.9,34,1299,4999,3700
Boult Audio ProBass Curve Neckband Bluetooth Headset,Boult,Black, Grey,3.9,1204,999,3499,2500
Boult Audio AirBass Xpods TWS Earbuds with 20H Playtime...,Boult,Black, True Wireless,3.7,10787,1299,4999,3700
Boult Audio ProBass Curve Neckband Bluetooth Headset,Boult,Blue, Black,3.6,558,799,3499,2700
Boult Audio ProBass Curve Neckband Bluetooth Headset,Boult,Black, Grey,3,4,999,3499,2500
Boult Audio Bass Buds StormX Wired Headset,Boult,Red, In the Ear,4.8,5,299,999,700
Boult Audio AirBass Xpods TWS Earbuds with 20H Playtime...,Boult,Black, True Wireless,3.7,3,1299,4999,3700
Boult Audio ProBass Curve Neckband Bluetooth Headset,Boult,Blue, Black,4,1431,799,3499,2700
Boult Audio ProBass Curve Neckband Bluetooth Headset,Boult,Black, Grey,4,2834,999,3499,2500
Boult Audio AirBass Xpods TWS Earbuds with 20H Playtime...,Boult,Black, True Wireless,5,0,1299,0,-1299
Boult Audio ProBass Curve Neckband Bluetooth Headset,Boult,Blue, Black,4,333036,799,3499,2700
Boult Audio ProBass Curve Neckband Bluetooth Headset,Boult,Black, Grey,3.3,34,999,3499,2500
Boult Audio AirBass Xpods TWS Earbuds with 20H Playtime...,Boult,Black, True Wireless,3.4,1014,1299,4999,3700
Boult Audio ProBass Curve Neckband Bluetooth Headset,Boult,Blue, Black,4,333036,799,3499,2700
Boult Audio ProBass Curve Neckband Bluetooth Headset,Boult,Black, Grey,3.6,165,999,3499,2500
Boult Audio AirBass Xpods TWS Earbuds with 20H Playtime...,Boult,Black, True Wireless,4,0,1299,4999,3700
BRD BLUETOOTHHEADSET-A25 Bluetooth Headset,BRD,White, True Wireless,3.7,92346,260,999,739
BRD BLUETOOTHHEADSET-A37 Bluetooth Headset,BRD,White, Black,3.7,23,240,999,759
BRD BLUETOOTHHEADSET-A33 Bluetooth Headset,BRD,White, True Wireless,3.5,1269,260,999,739
BRD BLUETOOTHHEADSET-A26 Bluetooth Headset,BRD,White, True Wireless,3.7,185,260,899,639
BRD BLUETOOTHHEADSET-A29 Bluetooth Headset,BRD,White, True Wireless,3.6,980,199,599,400
BRD BLUETOOTHHEADSET-A32 Bluetooth Headset,BRD,White, True Wireless,3.7,302,199,999,800
BRD BLUETOOTHHEADSET-A32 Bluetooth Headset,BRD,White, True Wireless,3.5,573,199,999,800
BRD BLUETOOTHHEADSET-A8 Bluetooth Headset,BRD,Black, True Wireless,3.4,142,220,999,779
BRD BLUETOOTHHEADSET-A17 Bluetooth Headset,BRD,White, True Wireless,3.7,3672,170,798,628
BRD BLUETOOTHHEADSET-B2 Bluetooth Headset,BRD,Black, True Wireless,3.7,6288,174,2499,2325
CADNUT HBS 730 Wireless Neckband Bluetooth Earphone Blu...,CADNUT,Black, True Wireless,4.1,1089,238,999,761
CADNUT Wireless Earphone G with Portable Charging Case ...,CADNUT,Blue, True Wireless,3.6,1318,474,1499,1025
CADNUT OP-3 Bluetooth Headset,CADNUT,Green, Black,3.2,9,369,1899,1530
"CADNUT NEWLY BUDS WIRELESS BLUETOOTH EARBUDS ,PORTABLE ...",CADNUT,Yellow, True Wireless,3.4,780,465,1499,1034
"CADNUT NEWLY BUDS WIRELESS BLUETOOTH EARBUDS ,PORTABLE ...",CADNUT,Yellow, True Wireless,3.4,773,465,1499,1034
CADNUT galA115 Bluetooth Headset,CADNUT,White, True Wireless,3.2,23,345,999,654
CADNUT Super Extra Bass On-Ear Wired Headphone In-line ...,CADNUT,Blue, On the Ear,4.2,55,235,1999,1764
Callmate AirBolt Pro (TWS Buds) With Bass Earbuds | IPX...,Callmate,Black, Silver,3.6,745,999,1999,1000
Callmate AirBolt Pro (TWS Buds) With Bass Earbuds | IPX...,Callmate,Black, Silver,3.8,631,999,599,-400
Callmate CollarTune (35 hours Backup) Wireless Neckband...,Callmate,Gold, In the Ear,4.1,3030,660,1999,1339
Callmate Single Ear Headset with 20 Hours Backup Blueto...,Callmate,Black, Blue,3.9,304,529,2000,1471
Callmate Flex Curve (80 Hours Backup) Wireless Neckband...,Callmate,Gold, In the Ear,4.2,47,745,2199,1454
Casa Tech Super i7S Twins Wireless Bluetooth Earbud Ear...,Casa,White, True Wireless,3.4,697,349,800,451
Casa Tech Wired Extra Bass On-Ear Headphones Wired Head...,Casa,Blue, On the Ear,3.8,9600,239,700,461
Casa Tech Wired Extra Bass On-Ear Headphones Wired Head...,Casa,Blue, On the Ear,3.6,464,239,700,461
Casa Tech Portable Wireless Bluetooth Earphones For All...,Casa,White, True Wireless,4,3,349,800,451
Casa Tech True Wireless Chargeable Earbud Bluetooth Hea...,Casa,White, True Wireless,4.4,7,349,800,451
CASADOMANI Sport Stereo Earbud Wireless with Mic Mini B...,CASADOMANI,White, True Wireless,4,50,359,700,341
CASADOMANI Dual Twins Wireless Earbuds with Mic Mini Bl...,CASADOMANI,White, True Wireless,4.3,0,349,800,451
CASADOMANI Dual Twins Wireless Earbuds with Mic Mini Bl...,CASADOMANI,White, True Wireless,3.7,54,349,800,451
CatBull In-ear Bluetooth Headset,CatBull,Black, True Wireless,3.6,1904,130,499,369
CatBull Truewireless Headphone Bluetooth Headset Blueto...,CatBull,Black, In the Ear,3.8,247,135,449,314
CatBull Wireless Sports Bluetooth Magnet Earphone Hands...,CatBull,Red, In the Ear,3.7,6288,132,499,367
CatBull In-ear Bluetooth Headsets Bluetooth Headset,CatBull,Black, In the Ear,3.7,6288,130,699,569
CatBull In-ear Bluetooth Headsets Bluetooth Headset,CatBull,Black, In the Ear,3.6,1318,130,699,569
CatBull wireless neckband bluetooth Bluetooth Headset B...,CatBull,Black, In the Ear,5,0,233,899,666
CatBull Buds Wireless With 24 Hours Music Playback Blue...,CatBull,Black, In the Ear,2.3,3,233,899,666
"CatBull Kaju Bluetooth earpiece, Mini S530 Bluetooth He...",CatBull,Black, True Wireless,3.6,89,127,499,372
CatBull S530 Hands-Free earphone for All Smartphone Blu...,CatBull,Black, True Wireless,4.3,4,138,899,761
CatBull MAGNETIC_BT In-ear Bluetooth Headsets Bluetooth...,CatBull,Black, In the Ear,3.9,246,132,699,567
CatBull MAGNETIC_BT In-ear Bluetooth Headsets Bluetooth...,CatBull,Black, In the Ear,3.7,10787,132,699,567
CLAW SM50 Professional Wired Headset,CLAW,Black, On the Ear,3.3,38,1890,2990,1100
Clerby TWS Wireless Bluetooth Earphone Portable Bluetoo...,Clerby,White, In the Ear,3.3,320,299,999,700
Clerby TWS Wireless Bluetooth Earphone Portable Bluetoo...,Clerby,White, In the Ear,3.3,320,299,999,700
Clownfish HEADPHONE BLUETOOTH I12 TWS EARBUD TRUE WIREL...,Clownfish,White, True Wireless,4,853,489,1999,1510
Clownfish HEADPHONE BLUETOOTH I12 TWS EARBUD TRUE WIREL...,Clownfish,White, True Wireless,4.1,221,489,1299,810
Clownfish HEADPHON BLUETOOTH WIRELESS I-12 BLACK IN THE...,Clownfish,Black, True Wireless,3.6,8279,469,1999,1530
Clownfish HEADPHON BLUETOOTH WIRELESS I-12 BLACK IN THE...,Clownfish,Black, True Wireless,3.8,155,469,1999,1530
Cosmic Byte Stardust Wired Gaming Headset,Cosmic,Red, On the Ear,4.2,10071,799,1299,500
Cosmic Byte GS430 Wired Gaming Headset,Cosmic,Red, On the Ear,3.9,35280,929,1499,570
Cosmic Byte Stardust Wired Gaming Headset,Cosmic,Blue, On the Ear,3.9,13327,799,1149,350
Cosmic Byte Stardust Wired Gaming Headset,Cosmic,Blue, On the Ear,4.2,10071,799,1149,350
Cosmic Byte GS430 Wired Gaming Headset,Cosmic,Red, On the Ear,3.9,22,929,1499,570
Cosmic Byte GS430 Wired Gaming Headset,Cosmic,Green, On the Ear,3.6,101,929,1499,570
Cosmic Byte H11 Gaming Wired Gaming Headset,Cosmic,Purple, On the Ear,4.2,3533,895,1199,304
Cosmic Byte Uranus RGB LED Wired Gaming Headset,Cosmic,Devil Red, Black,4,389,1554,1599,45
Cosmic Byte H1 Wired Gaming Headset,Cosmic,Blue, On the Ear,4.3,15,882,1199,317
Cosmic Byte Uranus RGB LED Wired Gaming Headset,Cosmic,Fathom Blue, Black,3.5,881,1548,1599,51
Cosmic Byte H1 Wired Gaming Headset,Cosmic,Blue, On the Ear,3.8,0,882,1199,317
Crezor air_pods pro headphone buds Bluetooth Headset Bl...,Crezor,White, True Wireless,3.6,97,749,2999,2250
Crezor air_pods pro headphone buds Bluetooth Headset Bl...,Crezor,White, True Wireless,3.2,232,749,2999,2250
CrossBuzz PLUS1BULLET WIRELESS 3 NECKBAND BLUETOOTH BAS...,CrossBuzz,Black, In the Ear,5,0,499,890,391
Crystal Digital HBS-730 Bluetooth Headset Easy To Carry...,Crystal,Black, In the Ear,4,333036,475,1699,1224
Czech Sports Stereo Headphones Bluetooth Headset,Czech,Black, True Wireless,3.9,18893,260,1973,1713
Czech Deep Bass earphone Mobile Headset with Mic.... Bl...,Czech,Black, In the Ear,4,1032,218,999,781
Czech Wireless/bluetooth Headset Bluetooth Headset,Czech,Multicolor, In the Ear,3.5,172,240,999,759
DAYNEO TwsL21 Mini Wireless Bluetooth Headset / Earphon...,DAYNEO,Black, True Wireless,3.7,1762,664,1999,1335
DAYNEO TWS- I 21 - Bluetooth Headset,DAYNEO,Black, True Wireless,3.8,9600,657,3999,3342
DEFY CrestX with 16 Hours Playtime and Low Latency Blue...,DEFY,Electric Blue, In the Ear,4.2,229212,699,1999,1300
DEFY CrestX with 16 Hours Playtime and Low Latency Blue...,DEFY,Active Black, In the Ear,4.4,528,699,999,300
DEFY CrestX with 16 Hours Playtime and Low Latency Blue...,DEFY,Lively Green, In the Ear,4.4,528,699,999,300
DELMOHUT Hp17 mini mineckband in-Ear headphone with mic...,DELMOHUT,Black, In the Ear,4,2834,277,899,622
DettoZap i12s Bluetooth Wireless Headphone with Mic and...,DettoZap,White, True Wireless,3.8,801,449,1499,1050
DettoZap Bluetooth i12s Wireless Earphone with Mic and ...,DettoZap,Shining White, True Wireless,3.8,355,489,1499,1010
DigiClues Smart TWS with Charging Case & Power Bank HD ...,DigiClues,Black, True Wireless,3.8,14,1299,899,-400
DigiClues Smart TWS with Charging Case & Power Bank HD ...,DigiClues,Black, True Wireless,3,6,1299,4999,3700
DigiClues Smart HD Sound Earphone with Charging Case Bl...,DigiClues,White, True Wireless,3.8,801,649,1999,1350
DigiClues Smart With Charging Case Bluetooth Headset,DigiClues,White, True Wireless,3.3,1842,649,1999,1350
DigiClues Tune-200 Wireless Neckband with Mic HD Sound ...,DigiClues,Black, True Wireless,4.3,1049774,699,2999,2300
DigiClues PRO 5.0 Bluetooth Headset,DigiClues,Black, In the Ear,3.4,84,549,5499,4950
DigiClues B-235 Wireless Neckband with Mic Powerful Ste...,DigiClues,Black, True Wireless,3.8,1212,699,2999,2300
DigiClues Extra Bass Live 200 Bluetooth Headset,DigiClues,Black, True Wireless,3.6,1093,599,1999,1400
DigiClues Gaming TWS With Charging Case Stereo Sound Qu...,DigiClues,Black, True Wireless,3.8,1676,1799,4999,3200
DigiClues High Quality Bluetooth Headset,DigiClues,Black, True Wireless,4.1,0,999,1999,1000
DigiClues Smart TWS L-21 With Charging Case Bluetooth H...,DigiClues,Black, True Wireless,4,1934,999,1099,100
DigiClues T-2 TWS With Charging Case & Power-Bank HQ So...,DigiClues,Black, True Wireless,3.5,761,1299,3990,2691
DigiClues Upto 8 Hrs Playtime With Mic Bluetooth Headse...,DigiClues,Black, True Wireless,3.7,0,649,2499,1850
DigiClues S109 Single Wireless 18 Hours of Calling with...,DigiClues,Black, True Wireless,3.4,120,599,1999,1400
DigiClues Bass-Dops Bluetooth Headset,DigiClues,Black, True Wireless,3.3,85,999,2999,2000
DigiClues Smart TWS Buds-Max With Charging Case HD Soun...,DigiClues,Black, True Wireless,5,0,1499,999,-500
DigiClues Up to 15 Hrs. Playtime With Mic Bluetooth Hea...,DigiClues,Black, True Wireless,4,333036,649,2999,2350
DIZO by realme TechLife Buds Z Bluetooth Headset,DIZO,Onyx, True Wireless,4.3,11557,1599,2999,1400
DIZO by realme TechLife GoPods D with Enviornment Noise...,DIZO,Black, True Wireless,4,30895,999,2499,1500
DIZO by realme TechLife GoPods D with Enviornment Noise...,DIZO,White, True Wireless,4,2834,999,2499,1500
DIZO by realme TechLife Wireless Bluetooth Headset,DIZO,Green, In the Ear,4.6,14,999,1999,1000
drums GAMING BASS BUDS 11 Bluetooth Headset,drums,Black, True Wireless,4,4,1079,3990,2911
drums TWS WIRELESS 015 Bluetooth Headset,drums,Black, True Wireless,1,0,899,1499,600
drums PRO 35 Bluetooth Headset,drums,Black, True Wireless,4.3,15,899,5999,5100
Earboss Truly Wireless Earbuds/pod/ buds 5.0 Bluetooth ...,Earboss,Black, True Wireless,3.4,482,664,1999,1335
Earboss Truly Wireless Earbuds/pod/ buds 5.0 Bluetooth ...,Earboss,Black, True Wireless,4,6102,664,1999,1335
EKSA E900 Pro Wired Gaming Headset,EKSA,Black, On the Ear,3.6,28,3229,4076,847
electmart Original Earphone Deep Bass on mobile Wired H...,electmart,White, In the Ear,3.7,31,223,449,226
Enacfire E60 Bullets Wireless Z Bass Edition Neckband h...,Enacfire,Reverb black, In the Ear,4.3,437106,599,3800,3201
Enacfire E60 Bullets Wireless Z Bass Edition Neckband h...,Enacfire,Reverb black, In the Ear,3.7,10419,599,3800,3201
Enacfire E60 Bullets Wireless Z Bass Edition Neckband h...,Enacfire,Reverb black, In the Ear,4.4,528,599,3800,3201
Enacfire E60 Bullets Wireless Z Bass Edition Neckband h...,Enacfire,Bass Blue, In the Ear,3.6,11358,599,3850,3251
Enacfire E60 Bullets Wireless Z Bass Edition Neckband h...,Enacfire,Reverb black, In the Ear,4,853,599,3800,3201
Enacfire E60 Bullets Wireless Z Bass Edition Neckband h...,Enacfire,Reverb black, In the Ear,3.4,565,599,3800,3201
Enacfire E60 Bullets Wireless Z Bass Edition Neckband h...,Enacfire,Reverb black, In the Ear,3.2,229,599,3800,3201
Enacfire E60 Bullets Wireless Z Bass Edition Neckband h...,Enacfire,Reverb black, In the Ear,3.8,133,599,3800,3201
Enacfire E60 Bullets Wireless Z Bass Edition Neckband h...,Enacfire,Reverb black, In the Ear,3.9,55,599,3800,3201
Enacfire E60 Bullets Wireless Z Bass Edition Neckband h...,Enacfire,Reverb black, In the Ear,4,6245,599,499,-100
Enacfire E60 Bullets Wireless Z Bass Edition Neckband h...,Enacfire,Reverb black, In the Ear,3.8,48825,599,699,100
Enacfire X12 Moonwalk TWS in ear Bluetooth Earbuds Head...,Enacfire,Black, True Wireless,3.5,182,799,5500,4701
Enacfire E60 Bullets Wireless Z Bass Edition Neckband h...,Enacfire,Reverb black, In the Ear,4,2834,599,1599,1000
Enacfire E60 Bullets Wireless Z Bass Edition Neckband h...,Enacfire,Reverb black, In the Ear,4,2834,599,3800,3201
Enacfire E60 Bullets Wireless Z Bass Edition Neckband h...,Enacfire,Reverb black, In the Ear,3.3,1842,599,3800,3201
Enacfire E60 Bullets Wireless Z Bass Edition Neckband h...,Enacfire,Reverb red, black,3.4,1014,599,3850,3251
Enacfire E60 Bullets Wireless Z Bass Edition Neckband h...,Enacfire,Reverb black, In the Ear,3.9,1724,599,3800,3201
Enacfire E60 Bullets Wireless Z Bass Edition Neckband h...,Enacfire,Reverb black, In the Ear,3.3,1842,599,3800,3201
Enacfire E60 Bullets Wireless Z Bass Edition Neckband h...,Enacfire,Reverb black, In the Ear,3.3,1842,599,3800,3201
Enacfire E60 Bullets Wireless Z Bass Edition Neckband h...,Enacfire,Reverb red, black,4,11150,599,3850,3251
Enacfire E60 Bullets Wireless Z Bass Edition Neckband h...,Enacfire,Reverb black, In the Ear,4.3,19,599,3800,3201
ENMORA Headsphone bluetooth|headset bluetooth|earbud he...,ENMORA,Black, In the Ear,3.9,13517,222,699,477
ENMORA Headsphone bluetooth|headset bluetooth|earbud he...,ENMORA,Black, In the Ear,3.6,1162,222,3850,3628
fiado i68-pro earpods 5.0 Tws Wireless Bluetooth Headse...,fiado,White, True Wireless,4.1,317,1061,7999,6938
fiado i68-pro earpods 5.0 Tws Wireless Bluetooth Headse...,fiado,White, True Wireless,3.8,25,1061,7999,6938
FIER MGNT_k1-2 Bluetooth Headset Bluetooth without Mic ...,FIER,Black, True Wireless,4.2,887466,228,999,771
"FIER FGN-K1B,K1W Pack 2bluetooth,headphone Bluetooth He...",FIER,Black, White,4,333036,217,799,582
FIER MGNT_k1-2 Bluetooth Headset Bluetooth without Mic ...,FIER,Black, True Wireless,4,0,228,999,771
FIER Headset in Ear Earphone Bluetooth Headset,FIER,White, In the Ear,3.5,1043,155,499,344
"FIER FGN-K1B,K1W Pack 2bluetooth,headphone Bluetooth He...",FIER,Black, White,3.7,6288,217,799,582
"FIER FGN-K1B,K1W Pack 2bluetooth,headphone Bluetooth He...",FIER,Black, White,5,0,217,799,582
"FIER FGN-K1B,K1W Pack 2bluetooth,headphone Bluetooth He...",FIER,Black, White,3.7,6288,217,1149,932
FIER MAGNET-K1-I7 Pack of 3 Bluetooth Bluetooth Headset...,FIER,Black, White,4.5,13,369,2499,2130
FIER MAGNET-K1-I7 Pack of 3 Bluetooth Bluetooth Headset...,FIER,Black, White,3.6,980,369,1999,1630
FIER Blutooth Headphone-ZEE-K1-1 Bluetooth Headset Blue...,FIER,Black, White,3.9,14974,231,699,468
FIER FGN-K1W-02 Bluetooth Headset Bluetooth without Mic...,FIER,White, In the Ear,4,2834,151,499,348
"FIER FGN-K1B,K1W Pack 2bluetooth,headphone Bluetooth He...",FIER,Black, White,3.8,0,217,799,582
FIER Sports Bluetooth Magnet Headset Bluetooth Headset ...,FIER,Black, In the Ear,3.6,1318,168,599,431
"FIER FGN-K1B,K1W Pack 2bluetooth,headphone Bluetooth He...",FIER,Black, White,3.7,117,217,799,582
FIER Sports Bluetooth Magnet Headset Bluetooth Headset ...,FIER,Black, In the Ear,3.9,292,168,599,431
"FIER FGN-K1B,K1W Pack 2bluetooth,headphone Bluetooth He...",FIER,Black, White,3.8,30,217,799,582
"FIER FGN-K1B,K1W Pack 2bluetooth,headphone Bluetooth He...",FIER,Black, White,3.3,0,217,0,-217
FIER FGN MAGNET RED & BLACK-K1-I7 Pack of 4 Bluetooth H...,FIER,Red and Black, White,4.3,310831,468,799,331
"FIER FGN-K1B,K1W Pack 2bluetooth,headphone Bluetooth He...",FIER,Black, White,4,1934,217,2990,2773
FIER FGN-MGNET-B2 Bluetooth Headset Bluetooth Headset,FIER,Black, In the Ear,3.7,674,158,599,441
FIER F Pack-2 new headset combo Bluetooth Headset,FIER,White, Black,3.8,891,220,1299,1079
"FIER FGN-K1B,K1W Pack 2bluetooth,headphone Bluetooth He...",FIER,Black, White,4.3,310831,217,1699,1482
FIER RRT-MAGNET-3 Bluetooth Headset Bluetooth Headset,FIER,Black, In the Ear,4,333036,167,599,432
"FIER FGN-K1B,K1W Pack 2bluetooth,headphone Bluetooth He...",FIER,Black, White,3.3,26491,217,799,582
FIER MGNT_k1-2 Bluetooth Headset Bluetooth without Mic ...,FIER,Black, True Wireless,5,0,228,999,771
"FIER FGN-K1B,K1W Pack 2bluetooth,headphone Bluetooth He...",FIER,Black, White,4.3,7171,217,799,582
"FIER FGN K1, Magnet pack 2 Bluetooth Headset Bluetooth ...",FIER,Black, True Wireless,4,333036,224,899,675
FIER MGNT_k1-2 Bluetooth Headset Bluetooth without Mic ...,FIER,Black, True Wireless,1,0,228,0,-228
FIER MGNT_k1-2 Bluetooth Headset Bluetooth without Mic ...,FIER,Black, True Wireless,3.5,573,228,999,771
FIER MGNT_k1-2 Bluetooth Headset Bluetooth without Mic ...,FIER,Black, True Wireless,4,0,228,999,771
FIER MGNT_k1-2 Bluetooth Headset Bluetooth without Mic ...,FIER,Black, True Wireless,3.9,35280,228,999,771
Fire-Boltt BN1000 Bluetooth Headset,FIER,Black Red, In the Ear,4,1934,1299,2499,1200
Fire-Boltt BH1000 Bluetooth Headset,FIER,Black Blue, On the Ear,3.9,100,1599,2999,1400
FIGER BT SL 231 Bluetooth Headset,FIGER,Silver, Black,3.9,14726,499,1999,1500
FIGER BT SL 231 Bluetooth Headset,FIGER,Silver, Black,4,2834,499,1999,1500
Fingers Chic BT5 Bluetooth Headset,Fingers,Grey, In the Ear,3.6,14,1799,1999,200
FKU BLUETOOTH NECKBAND WITH Memory Card Slot Bluetooth ...,FKU,Grey, In the Ear,3.4,373,499,1499,1000
FKU 5.0 Bluetooth NECKBAND WITH Memory Card Slot Blueto...,FKU,Multicolor, In the Ear,3.1,43,499,1499,1000
FLYSTO wirless b11 bluetooth neckband Bluetooth Headset,FLYSTO,Black, In the Ear,4,2834,300,799,499
FLYSTO BT9-M165O B-WHITE Bluetooth Headset,FLYSTO,Black::White, In the Ear,3.6,558,300,799,499
FLYSTO b11 bluetoothmini s650 mini bluetooth earphone B...,FLYSTO,Black, True Wireless,3.3,157,449,1299,850
FLYSTO K1 bluetoothmini s650 mini bluetooth earphone CO...,FLYSTO,Black, True Wireless,3.8,1212,300,999,699
FLYSTO M9-RD OKEY Bluetooth Headset,FLYSTO,Red::Black3, In the Ear,4,29660,269,1299,1030
FLYSTO M9-RD OKEY Bluetooth Headset,FLYSTO,Red::Black3, In the Ear,3.7,6415,269,1299,1030
FLYSTO K1 bluetoothmini s650 mini bluetooth earphone CO...,FLYSTO,Black, True Wireless,3.5,118,300,999,699
Foxne Point One side Wireless Bluetooth Headset 12h Bat...,Foxne,Black, True Wireless,3.8,155,622,1999,1377
Foxne Point One side Wireless Bluetooth Headset 12h Bat...,Foxne,Black, True Wireless,4.2,47,654,1999,1345
Foxne Point Wireless Bluetooth 4.1 Headset with Mic for...,Foxne,White, In the Ear,4,29660,216,799,583
FPX Sprint with 30 hrs Playtime and Fast Charging Bluet...,FPX,Gold, In the Ear,3.6,393,799,2999,2200
"FPX Roar Wireless Bluetooth neckband, Magneticbuds 33HR...",FPX,Grey , Silver,4,2193,699,2499,1800
"FPX Emerald In Ear Neckband 60Hr Playtime SD card Slot,...",FPX,Grey, In the Ear,3.8,3179,679,2999,2320
FPX Emerald with 60 hrs Playtime Bluetooth Headset,FPX,Blue, In the Ear,1,0,759,2999,2240
"FPX Emerald In Ear Neckband 60Hr Playtime SD card Slot,...",FPX,Grey, In the Ear,3.8,0,679,2999,2320
FPX Flex Pro with 35 hrs Playtime Bluetooth Headset,FPX,Red, Black,3.3,1842,699,2499,1800
FUTURESTARRKK REALMEN BLUETOOTH NECKBAND IN THE EAR Blu...,FUTURESTARRKK,Black, Yellow,4.1,88,219,1099,880
FUTURESTARRKK Air_pods pro wireless headphone with char...,FUTURESTARRKK,White, True Wireless,4.2,10,1499,2999,1500
FUTURESTARRKK TWS i12 Earpods Bluetooth Wireless Earbud...,FUTURESTARRKK,White, True Wireless,3.7,9495,434,1199,765
Gannu earbuds i12 5.0 With Mic Bluetooth Bluetooth Head...,Gannu,White, True Wireless,5,0,399,1799,1400
Gannu 2 5.0 Wireless Earphone Bluetooth Headset Bluetoo...,Gannu,Yellow, In the Ear,4.4,108,499,1999,1500
gogadget 2 Combo Earphone MH3169 Wired Headset,gogadget,White, In the Ear,4,10950,232,899,667
gogadget 2 Combo Earphone MH3169 Wired Headset,gogadget,White, In the Ear,4,7195,232,899,667
Grostar Moonwalk Mini in Ear True Wireless Bluetooth Ea...,Grostar,Red, Black,4.1,14148,699,1995,1296
Grostar TWS-Mini True Wireless Ear-Buds with Noise Canc...,Grostar,Black, True Wireless,3.8,449,649,1299,650
Grostar TWS Blueteeth 5.0 Dual Auto Pair Portable True ...,Grostar,Red, True Wireless,3.5,573,649,1999,1350
Grostar TWS A6S ear buds True Wireless A6S Bluetooth (B...,Grostar,Black, True Wireless,4,2834,667,2499,1832
Grostar bluetooth headphone Bluetooth Headset (TEAL GRE...,Grostar,TEAL GREEN, In the Ear,3.9,27,549,1999,1450
Grostar HKT-6 Wireless Earpiece Bluetooth 5.0 Earbuds w...,Grostar,Black, True Wireless,3.3,1100,799,1999,1200
Grostar Enacfire E60 Bullets Bluetooth Headset,Grostar,Red, In the Ear,4.1,4074,599,2999,2400
"Grostar bluetooth headphone Bluetooth Headset (BLUE, In...",Grostar,Blue, In the Ear,3.3,1181,549,1999,1450
Hey for FIER i7S Single Ear Best New Design And Lightwe...,Hey,White, True Wireless,3.5,431,160,899,739
Hey for FIER Bluetooth Headset Bluetooth without Mic He...,Hey,White, In the Ear,3.3,119,160,599,439
Hey for FIER Bluetooth Headset Bluetooth without Mic He...,Hey,White, In the Ear,4,226,160,3800,3640
Hey for FIER K1 B PACK OF 2 Bluetooth Headset V4.1 Blue...,Hey,Black, True Wireless,3.9,1893,201,899,698
Hey for FIER Magnet Blutooth Headset for all Supported ...,Hey,Black, In the Ear,3.9,35280,157,899,742
Hey for FIER K1 B PACK OF 2 Bluetooth Headset V4.1 Blue...,Hey,Black, True Wireless,5,0,201,899,698
Hitage 11 Best Bass Clear Sound Wired Headset,Hitage,White, In the Ear,4.2,52,109,399,290
Hitage Round i like METAL EARPHONE earphone with One Ke...,Hitage,Black Metal, In the Ear,3.5,129,129,349,220
Hitage NBT-6578+ 41 HOURS GRATE DESIGN ORIGINAL SOUND W...,Hitage,Multicolor, In the Ear,3.4,6829,799,1999,1200
Hitage Round i like METAL EARPHONE earphone with One Ke...,Hitage,Black Metal, In the Ear,4,333036,129,349,220
Hitage NBT-6578+ 41 HOURS GRATE DESIGN ORIGINAL SOUND W...,Hitage,Multicolor, In the Ear,3.5,16,799,1999,1200
Hitage GH1927+ Wired Gaming Earphone with Detachable Lo...,Hitage,Blue, In the Ear,3.6,11,499,1098,599
Hitage NBT-6586+ RED Ultra BATTERY Magnetic Sports Part...,Hitage,Red, In the Ear,3.7,1039,900,2999,2099
Hitage in-Ear Extra Bass earphone Wired Headset with Mi...,Hitage,Black, In the Ear,3.7,10787,156,799,643
Hitage NBT-6858 Audio ProBass `Neckband Bluetooth Heads...,Hitage,Red, In the Ear,3.7,0,521,1699,1178
HOPPUP MINI Bluetooth Headset,HOPPUP,Red, True Wireless,4.2,10,649,1999,1350
HOPPUP SONIC with 20 Hours Play Time Bluetooth Headset,HOPPUP,Red, On the Ear,3.7,0,699,1999,1300
HOPPUP Vibe with 55 Hours Playtime Bluetooth Headset,HOPPUP,Black, Grey,3.6,130,449,1499,1050
HRX X-Drops 440G Bluetooth Headset,HRX,Black, In the Ear,3.9,669,1499,2699,1200
HRX X-Wave 9R_1 Bluetooth Headset,HRX,Solar Gold, In the Ear,3.7,125,999,1999,1000
HSJ Original stereo audio Wired Headset,HSJ,White, In the Ear,4,333036,248,700,452
HSJ Original stereo audio Wired Headset,HSJ,White, In the Ear,3.4,94,248,700,452
HYATT CREATION Wireless Bluetooth Earphone Bluetooth wi...,HYATT,White, In the Ear,3.3,193,569,999,430
Hypex Stylish Wired Headphone With High Bass Sound & Mi...,Hypex,Multicolor, On the Ear,3.3,69,199,2499,2300
iball Nano Earwear Ring-dock B9 Bluetooth Headset,iball,Black, In the Ear,3.7,0,1079,1845,766
iBAss 3.5MM Deep Bass For O_PPO Reno Series Wired Gamin...,iBAss,White, In the Ear,4.1,375,259,1499,1240
icall BBD-S650 One side Earbuds (With Charging Cable) B...,icall,Black, True Wireless,4.2,74477,208,599,391
icall BBD-S650 One side Earbuds (With Charging Cable) B...,icall,Black, True Wireless,3.5,17,208,1025,817
icall BestSound Latest P47 With Mic With 6 Hour Battery...,icall,Multicolor, On the Ear,4.3,47,420,1999,1579
icall BBD-S650 Mini Bluetooth or K1 Bluetooth Headset,icall,Black, True Wireless,4,6,299,999,700
icall BBD-Mini S650 Wireless Bluetooth in-Ear V4.0 with...,icall,Black, True Wireless,3.1,56,349,999,650
icall X9 earbuds bluetooth earphones single side Blueto...,icall,Black, True Wireless,3.5,1169,392,999,607
IMMUTABLE 98T4 _ Wireless Neckband Bluetooth Earphone H...,IMMUTABLE,Black, Yellow,4,5,238,3499,3261
IMS TWS i12 Earpods Bluetooth Wireless Earbuds Bluetoot...,IMS,White, True Wireless,3.7,256,499,1299,800
INFINITY (JBL) Glide N120 Bluetooth Headset,INFINITY,Black, Red,4.1,122548,1499,3999,2500
INFINITY (JBL) Glide N120 Bluetooth Headset,INFINITY,Black, Yellow,4.1,122548,1499,3999,2500
INFINITY by Harman Glide 501 Bluetooth Headset,INFINITY,Black, On the Ear,3.3,1842,1479,4999,3520
InOne High bass Wireless earphone with Magnetic buds an...,InOne,Red, In the Ear,5,3,699,1599,900
ISC BUDS LIVE IN Black with Charging Case(Black) Blueto...,ISC,Black, True Wireless,3.4,350,999,1999,1000
Jabra Talk 15 Bluetooth Headset,Jabra,Black, In the Ear,3.5,0,1349,1899,550
Jabra Elite Active 65t Copper Bluetooth Headset,Jabra,Blue, True Wireless,3.8,9600,4999,16999,12000
Duet JBL Mini Bluetooth Headset,JBL,Black, In the Ear,3.6,26,239,999,760
JBL C150SI Wired Headset,JBL,Black, In the Ear,4.2,334732,649,1399,750
JBL Tune 125BT Bluetooth Headset,JBL,Black, In the Ear,3.8,13159,1614,1999,385
JBL C150SI Wired Headset,JBL,Red, In the Ear,4.3,9,649,7999,7350
JBL C100TWS True Wireless with Google Assistant Bluetoo...,JBL,Black, True Wireless,3.7,501,2499,999,-1500
JBL C150SI Wired Headset,JBL,Red, In the Ear,4.2,334732,649,1399,750
JBL C100TWS True Wireless with Google Assistant Bluetoo...,JBL,Black, True Wireless,3.9,73755,2499,7999,5500
JBL Endurance Run Wired Headset,JBL,Black, In the Ear,3.6,91,999,1599,600
JBL Tune 125BT Bluetooth Headset,JBL,Blue, In the Ear,3.8,13159,1614,2999,1385
JBL Endurance Run Wired Headset,JBL,Yellow, In the Ear,4,1934,990,1599,609
JBL T450BT Extra Bass Bluetooth Headset,JBL,Black, On the Ear,4.2,74477,2374,3499,1125
JBL T450BT Extra Bass Bluetooth Headset,JBL,Black, On the Ear,3.3,119,2374,4999,2625
JBL T165BT Bluetooth Headset,JBL,Black, In the Ear,3.8,3871,1699,2699,1000
JBL Endurance RunBT IPX5 Sports Bluetooth Headset,JBL,Black, Grey,5,0,2499,3199,700
JBL Endurance Run Wired Headset,JBL,Red, In the Ear,3.8,13159,1099,1599,500
JBL Tune 125BT Bluetooth Headset,JBL,Grey, In the Ear,3.3,1842,1614,2999,1385
JBL Quantum 100 Wired Gaming Headset,JBL,Blue, On the Ear,4,1431,2599,3999,1400
JBL Endurance Run Wired Headset,JBL,Blue, In the Ear,4.3,36720,1069,1599,530
JBL T50HI Wired Headset,JBL,Red, In the Ear,3.3,26491,549,999,450
JBL Live 100BT Bluetooth Headset,JBL,Black, In the Ear,4,333036,1688,2999,1311
JBL Endurance Run Wired Headset,JBL,Blue, In the Ear,3.5,2169,1069,1599,530
JBL T110BT Wireless Pure Bass Bluetooth Headset,JBL,Grey, In the Ear,3.9,3034,1648,2990,1342
JBL Wave 100TWS Bluetooth Headset,JBL,Black, True Wireless,3.8,1488,3999,6999,3000
JBL T50HI Wired Headset,JBL,Red, In the Ear,3.5,573,549,999,450
JOCOBOO Wireless Sweatproof Stereo Headphone Best Buy B...,JOCOBOO,Black, In the Ear,3.5,0,255,1599,1344
JOCOBOO Wireless Sweatproof Stereo Headphone Best Buy B...,JOCOBOO,Black, In the Ear,4,4689,255,1599,1344
JOCOBOO sports wireless SH12 STEREO headphone and wired...,JOCOBOO,Red, White,3.9,27565,549,1999,1450
JOCOBOO in pods 12 pro Bluetooth Headset,JOCOBOO,matt black, True Wireless,4,2834,549,1299,750
kabeer enterprises WIRELESS BLUETOOTH HEADSET WITH CHAR...,kabeer,White, True Wireless,4.3,405112,360,1299,939
kabeer enterprises WIRELESS BLUETOOTH HEADSET WITH CHAR...,kabeer,White, True Wireless,3.7,18513,360,1299,939
kabeer enterprises Best Extra bass Headphones Over The ...,kabeer,Black, On the Ear,3.7,31,241,1299,1058
KASODH B0T-1 Bluetooth Headset,KASODH,Red, Black,4,7195,298,1999,1701
KAWL EP61_WT_Wired Earphones_with HD Microphone Wired H...,KAWL,White, In the Ear,4,819,88,399,311
"KAWL KEP161 Octave Wired Earphone, Call Answer HD Sound...",KAWL,Red, In the Ear,3.6,1904,199,799,600
KBOOM New Arival HBS-730 Unique Ring-necked Wireless St...,KBOOM,Multicolor, In the Ear,3.4,7605,260,1800,1540
KDM M-8 Wired Headset,KDM,Black, Silver,3.5,3703,249,599,350
KDM A-2 Sport 50H musi time Wireless Bluetooth Headset ...,KDM,Black, True Wireless,3.5,1288,969,2999,2030
"KDM Wireless Earbuds 15 Hrs Playtime (4 Hrs Earbuds, 11...",KDM,Grey, In the Ear,5,0,1499,2999,1500
kk2 Single-Side Talking K1 Lightweight Wireless Bluetoo...,kk2,Black, True Wireless,4.2,35,186,689,503
kk2 Ear Headphone for Compatible to All Android Mobile ...,kk2,White, In the Ear,3.8,175,156,399,243
KOTION EACH KOTION EACH_G2000 Wired Gaming Headset,KOTION,Black/Blue, On the Ear,1,0,1525,1649,124
KRAZZY INDIA b11 red Bluetooth Headset,KRAZZY,Red, In the Ear,4.2,10071,235,999,764
KRAZZY INDIA b11 red Bluetooth Headset,KRAZZY,Red, In the Ear,4.3,405112,235,999,764
LIFE MUSIC high quality HBS 730 Neckband wireless Sport...,LIFE,Black, In the Ear,4,6781,270,1199,929
Logitech H390 USB Wired Headset,Logitech,Black, On the Ear,4,18,3299,4695,1396
MASOORI Headset11 5.0 P With Mic Bluetooth Headset Blue...,MASOORI,White, True Wireless,3.6,14,399,1999,1600
Matlek Gaming Headphones With Adjustable Mic | Deep Bas...,Matlek,Blue, On the Ear,4.1,236,699,1490,791
meoww 3.5mm Deep Bass For O_PPO Reno Series Wired Heads...,meoww,White, In the Ear,3.9,3281,170,699,529
Met style ENCO M31 Wireless bluetooth Neckband Bluetoot...,Met,Blue, In the Ear,4.1,274,999,1999,1000
Mi Basic Wired Headset,Mi,Blue, Black,4.3,712789,429,599,170
Mi Basic Wired Headset with Mic,Mi,Black, In the Ear,4.3,712789,429,599,170
MICROBOTS i7s single ear bluetooth best quality for all...,MICROBOTS,White, True Wireless,3.6,72,125,499,374
MICROBOTS single ear bluetooth best quality for all sma...,MICROBOTS,Multicolor, In the Ear,3.7,578,150,1999,1849
"Microflash Touch, Voice Control-LED Display Earbuds Blu...",Microflash,Black, True Wireless,4,2014,1199,2499,1300
Micromax AirFunk 1 Bluetooth Headset,Micromax,Black, True Wireless,3.9,626,1234,2999,1765
"MIFKRT Dual Driver Wired Headset with Mic (Night Black,...",MIFKRT,Black, In the Ear,3.5,86,299,1399,1100
MINISO We Bare Bears In-Ear Headphones with Microphone ...,MINISO,Pink, In the Ear,4,41082,250,700,450
Mivi DuoPods M20 True Wireless Bluetooth Headset,Mivi,Black, True Wireless,3.3,1842,799,2999,2200
Mivi Duopods F30 with 42 hours battery Fast Charging TW...,Mivi,White, True Wireless,3.9,99486,999,2999,2000
Mivi Collar Classic Neckband with Fast Charging Bluetoo...,Mivi,Black, In the Ear,3.4,56834,699,2499,1800
Mivi Collar Classic Neckband with Fast Charging Bluetoo...,Mivi,Blue, In the Ear,3.9,99486,699,2499,1800
Mivi DuoPods M20 True Wireless Bluetooth Headset,Mivi,Blue, True Wireless,3.8,1748,799,2999,2200
Mivi Duopods F30 with 42 hours battery Fast Charging TW...,Mivi,Red, True Wireless,3.9,43126,999,2999,2000
Mivi Collar Classic Neckband with Fast Charging Bluetoo...,Mivi,Red, In the Ear,3.9,99486,699,2665,1966
Mivi TEDPM40-BK Bluetooth Headset,Mivi,Black, True Wireless,5,0,1499,3999,2500
MJ Hub -730 Headphone wireless music crystal clear ster...,MJ,Black, In the Ear,3.8,35074,220,1599,1379
MJ Hub -730 Headphone wireless music crystal clear ster...,MJ,Black, In the Ear,4,2834,220,399,179
MJ Hub HBS-730 Wireless/Bluetooth Earphone Compatible A...,MJ,Black, In the Ear,3.9,35280,199,999,800
MLN SPORTS-1062 30 hours play time Neckband Bluetooth H...,MLN,Black, In the Ear,3.7,124,599,2999,2400
MLN NB-1035 Sports Wireless 24 hours play time Neckband...,MLN,Black, In the Ear,3.9,35280,599,2999,2400
Musify Trending Best HBS-730 Wireless Neckband With Cal...,Musify,Blue, In the Ear,3.9,35280,234,1299,1065
Musify New 730 Sports Handsfree Calling Compatible With...,Musify,Black, In the Ear,3.8,704,234,1299,1065
Muzifit Boomband RX135 Bluetooth Wireless Neckband with...,Muzifit,Grey, In the Ear,3.8,665,499,2299,1800
Mytrack 288 Pro in-Ear with ASAP charging Version 5.0 N...,Mytrack,Black, In the Ear,4.1,404,499,1998,1499
N2B MAGNET Red & k1 Pack of 2 Bluetooth Bluetooth Heads...,N2B,Black, Red,3.5,20079,260,1875,1615
N2B MAGNET-02 PACK OF 2 Bluetooth Headset,N2B,Black, True Wireless,4,625672,254,1998,1744
N2B MAGNET-02 PACK OF 2 Bluetooth Headset,N2B,Black, True Wireless,3.5,573,254,1998,1744
N2B MAGNET-02 PACK OF 2 Bluetooth Headset,N2B,Black, True Wireless,3.3,1842,254,1998,1744
N2B MAGNET-02 PACK OF 2 Bluetooth Headset,N2B,Black, True Wireless,4,70713,254,1998,1744
N2B MAGNET-02 PACK OF 2 Bluetooth Headset,N2B,Black, True Wireless,3.3,1842,254,1998,1744
N2B MAGNET-02 PACK OF 2 Bluetooth Headset,N2B,Black, True Wireless,4.5,13,254,1998,1744
N2B TWS Twins Wireless Bluetooth Earphone with Mic HEAD...,N2B,White, In the Ear,4,0,399,999,600
N2B MAGNET-02 PACK OF 2 Bluetooth Headset,N2B,Black, True Wireless,3.5,35,254,1998,1744
N2B MAGNET-02 PACK OF 2 Bluetooth Headset,N2B,Black, True Wireless,3.8,133,254,1998,1744
N2B MAGNET-02 PACK OF 2 Bluetooth Headset,N2B,Black, True Wireless,3.6,6770,254,1998,1744
N2B MAGNET-02 PACK OF 2 Bluetooth Headset,N2B,Black, True Wireless,3.6,885,254,1998,1744
N2B k1 & MAGNET Red Pack of 2 Bluetooth Bluetooth Heads...,N2B,Black, Red,4.1,19773,256,1998,1742
N2B MAGNET-02 PACK OF 2 Bluetooth Headset,N2B,Black, True Wireless,3.9,4844,254,1998,1744
N2B MAGNET-02 PACK OF 2 Bluetooth Headset,N2B,Black, True Wireless,4.1,46980,254,7999,7745
N2B MAGNET-K1-I7 Pack of 3 Bluetooth Bluetooth Headset,N2B,Black, White,3.3,26491,421,2848,2427
N2B MAGNET RED & BLACK-K1-I7 Pack of 4 Bluetooth Blueto...,N2B,Black, White,3.3,4387,470,999,529
N2B MAGNET-02 PACK OF 2 Bluetooth Headset,N2B,Black, True Wireless,3.2,120,254,1999,1745
N2B PACK OF 2 Bluetooth Headset V4.1 with Mic Bluetooth...,N2B,Black, True Wireless,3.5,1204,242,1700,1458
N2B MAGNET-02 PACK OF 2 Bluetooth Headset,N2B,Black, True Wireless,3.8,89,254,399,145
N2B MAGNET-K1-I7 Pack of 3 Bluetooth Bluetooth Headset,N2B,Black, White,3,0,421,0,-421
N2B ADVANCED MAGNET RED Bluetooth Headset,N2B,Red, Gold,4.8,5,173,1199,1026
N2B MAGNET-02 PACK OF 2 Bluetooth Headset,N2B,Black, True Wireless,3.3,193,254,1998,1744
N2B MAGNET-K1-I7 Pack of 3 Bluetooth Bluetooth Headset,N2B,Black, White,3.9,13327,421,2848,2427
N2B MAGNET-02 PACK OF 2 Bluetooth Headset,N2B,Black, True Wireless,4,2834,254,1998,1744
N2B MAGNET-02 PACK OF 2 Bluetooth Headset,N2B,Black, True Wireless,3,64,254,1998,1744
N2B MAGNET-K1-I7 Pack of 3 Bluetooth Bluetooth Headset,N2B,Black, White,3.9,13327,421,2848,2427
N2B MAGNET-02 PACK OF 2 Bluetooth Headset,N2B,Black, True Wireless,4.5,4,254,1998,1744
N2B MAGNET-02 PACK OF 2 Bluetooth Headset,N2B,Black, True Wireless,4,333036,254,1998,1744
N2B MAGNET-02 PACK OF 2 Bluetooth Headset,N2B,Black, True Wireless,3.3,20,254,1998,1744
N2B MAGNET-02 PACK OF 2 Bluetooth Headset,N2B,Black, True Wireless,3.9,167,254,1998,1744
NICK JONES TWINS Double Wireless Bluetooth Earbuds with...,NICK,White, True Wireless,3.9,0,410,4999,4589
Nine9 SH12 Bluetooth Headset,Nine9,Black, On the Ear,3.8,9600,599,1499,900
Nine9 Bluetooth Headphone with FM/SD Card Bluetooth Hea...,Nine9,Blue, On the Ear,3.7,8221,499,899,400
Nine9 Bluetooth Headphone with FM/SD Card Bluetooth Hea...,Nine9,Blue, On the Ear,3.5,1920,499,899,400
Nine9 Bluetooth Headphone with FM/SD Card Bluetooth Hea...,Nine9,White, On the Ear,4.3,36720,499,843,344
NIRUM HBS-730 Wireless/bluetooth For ALL SMART MOBILES ...,NIRUM,Multicolor, In the Ear,4.1,28686,220,699,479
NIRUM Sports Handsfree HBS 730 Wireless Dual Connect He...,NIRUM,Black, In the Ear,3.8,2696,220,399,179
Noise Buds VS102 Truly Wireless Bluetooth Headset,Noise,Jet Black, True Wireless,3.9,13327,1282,2999,1717
Noise Air Buds Mini Truly Wireless Bluetooth Headset,Noise,Pearl White, True Wireless,3.9,84624,1424,2999,1575
Noise Air Buds Mini Truly Wireless Bluetooth Headset,Noise,Pale Blue, True Wireless,3.9,84624,1499,2999,1500
Noise Buds Prima with 42 hrs of playtime and Quad Mic B...,Noise,Hope Blue, True Wireless,3.8,417,1799,5999,4200
Noise Buds Prima with 42 hrs of playtime and Quad Mic B...,Noise,Simply Beige, True Wireless,3.8,417,1799,5999,4200
Noise Nerve Neckband Bluetooth Headset,Noise,Stone Blue, In the Ear,4,4902,999,4999,4000
Noise Buds VS102 Truly Wireless Bluetooth Headset,Noise,Pearl White, True Wireless,4.1,28686,1282,2999,1717
Noise Buds Prima with 42 hrs of playtime and Quad Mic B...,Noise,Charcoal Black, True Wireless,3.8,417,1799,5999,4200
"Noise Air Buds Pro with Active Noise Cancellation, Quad...",Noise,Celeste Blue, True Wireless,3.7,117,2999,7999,5000
"Noise Air Buds Pro with Active Noise Cancellation, Quad...",Noise,Pearl White, True Wireless,3.7,1582,2999,499,-2500
"Noise Air Buds Pro with Active Noise Cancellation, Quad...",Noise,Celeste Blue, True Wireless,4,239,2999,1599,-1400
Noise One Wireless Bluetooth Headset,Noise,Calm Blue, On the Ear,4.2,7050,1329,3999,2670
Noise One Wireless Bluetooth Headset,Noise,Soft Black, On the Ear,3.9,5788,1312,3999,2687
Nokia T2000 Rapid Charge Neckband Bluetooth Headset,Nokia,Midnight Black, In the Ear,3.5,459,1999,2999,1000
Nokia T3010 Bluetooth Headset,Nokia,Crystal Blue, True Wireless,4.1,55,1499,2099,600
Nothing ear (1) Bluetooth Headset,Nothing,White, True Wireless,4.2,14250,5999,7299,1300
NOYMI Bluetooth Wireless Noise Cancelling Earphone with...,NOYMI,Black, In the Ear,3.8,13,299,1199,900
Nu Republic Rush X6 With Environmental Noise Cancellati...,Nu,Blue, True Wireless,4,43,749,1999,1250
Nu Republic Dawn X3 Bluetooth Headset,Nu,Neon,Black,3.5,1288,475,1499,1024
Nu Republic Dawn X2 Bluetooth Headset,Nu,Red, Black,3.6,10,475,6999,6524
Nu Republic Dawn X3 Bluetooth Headset,Nu,Red, Black,4,10238,475,1499,1024
Nu Republic Flo 2 Bluetooth Headset,Nu,Black, True Wireless,3.6,1904,999,2999,2000
Obin BB-01 BoomBass Wired Headset,Obin,Black, In the Ear,3.9,10398,239,1299,1060
ODIO OWE11 The Moksha Series(Aqua Blue) Wired Headset,ODIO,Blue, In the Ear,4.1,257,249,499,250
OnePlus Bullets Wireless Z Bass Edition Bluetooth Heads...,OnePlus,Bold Black, In the Ear,4.3,437395,1999,2190,191
OnePlus Bullets Wireless Z Bass Edition Bluetooth Heads...,OnePlus,Reverb Red, In the Ear,3.5,573,1999,2190,191
OnePlus Buds Z Bluetooth Headset,OnePlus,Grey, True Wireless,4.2,65051,2999,3190,191
OnePlus Buds Bluetooth Headset,OnePlus,Grey, True Wireless,4.1,31872,4990,1999,-2991
OPPO Enco Buds With 24 hours Battery Life Bluetooth Hea...,OPPO,White, True Wireless,4.2,34075,1799,3999,2200
OPPO Enco W11 With Noise Cancellation for calls Bluetoo...,OPPO,White, True Wireless,4,23199,2499,3999,1500
OUD 150Hrs Music Time Wireless Deep Bass Stereo Sound N...,OUD,Black, In the Ear,4.2,2111,799,3999,3200
OUD 150Hrs Music Time Wireless Deep Bass Stereo Sound N...,OUD,Black, In the Ear,3.7,15,799,2499,1700
Oxhox HBS-730 Sports Stereo Headphone Bluetooth Headset,Oxhox,Black, In the Ear,3.5,12909,260,1999,1739
Oxhox Magnetic Bluetooth Headset with Mic Bluetooth Hea...,Oxhox,Black, In the Ear,3.9,35280,144,999,855
Oxhox HBS-730 Wireless compatible with 4G redmi Headset...,Oxhox,Black, In the Ear,3.8,3440,260,4999,4739
Oxhox Wireless compatible with 4G redmi Bluetooth Heads...,Oxhox,Red, Black,5,0,147,0,-147
Oxhox 4.1 Bluetooth Magnetic Sports Handset for Smartph...,Oxhox,Red, Black,5,14,148,4999,4851
P3A K1 & Red Magnet Bluetooth Pack of 2 Bluetooth Heads...,P3A,Red, Black,3.6,330,257,1998,1741
P3A Magnet Red & K1 White Bluetooth Pack of 2 Bluetooth...,P3A,Red, White,3.7,1373,259,1998,1739
P3A Magnet Red & Black Bluetooth Pack of 2 Bluetooth He...,P3A,Red, Black,4,11150,259,1998,1739
P3A Magnet Red & Black Bluetooth Pack of 2 Bluetooth He...,P3A,Red, Black,3.9,35280,259,1998,1739
PADRAIG Metal Magnetic Wireless Bluetooth Sports Stereo...,PADRAIG,Multicolor, In the Ear,5,0,219,999,780
Para IN-EAR WIRED EARPHONES WITH MIC Wired Headset(Cyan...,Para,Cyan, In the Ear,3.8,48,179,399,220
PEarl Entities PREGET Wired Headset,PEarl,Blue, Black,5,0,284,799,515
PEarl Entities PREGET Wired Headset,PEarl,Blue, Black,3.7,0,284,799,515
pervious Wired Earphones with mic Light-weight and tang...,pervious,White, In the Ear,4,333036,179,999,820
PHILIPS SHE1505BK/94 Rich Bass Wired Headset,PHILIPS,Black, In the Ear,4.1,20960,299,399,100
PHILIPS TAT4205BK (TWS) with IPX5 Splash-Proof Design B...,PHILIPS,Black, True Wireless,3.6,1471,1499,6999,5500
PHILIPS TAN2215BK/94 Splash Proof Wireless Neckband Blu...,PHILIPS,Black, In the Ear,3.6,89,1749,3999,2250
phinics i12 Earpods Bluetooth Headset Bluetooth Headset...,phinics,Pink, True Wireless,3.3,518,549,1199,650
Platina 1000 Bluetooth Headset,Platina,Multicolor, In the Ear,3.4,3550,245,999,754
Plus Shine TWS Wireless Bluetooth Earphone Bluetooth He...,Plus,White, True Wireless,3.7,4617,449,1899,1450
Plus Shine i12s_MA05 Bluetooth Headset,Plus,White, True Wireless,3.9,221939,549,1599,1050
Plus Shine i12s_MA05 Bluetooth Headset,Plus,White, True Wireless,3.2,229,549,1599,1050
POKRYT BT26 Long Life Battery Backup 24 Hours With Mic ...,POKRYT,Black, In the Ear,3.7,49,899,1999,1100
POKRYT BT26 Long Life Battery Backup 24 Hours With Mic ...,POKRYT,Black, In the Ear,3.5,2649,899,1999,1100
POKRYT Hot SaleASAP charging Version 5.0 Bluetooth earp...,POKRYT,Black, In the Ear,4,333036,899,1999,1100
Portronics POR-1071 Conch Beta Wired Headset,Portronics,Black, In the Ear,4.1,221,229,1299,1070
Portronics POR-1071 Conch Beta Wired Headset,Portronics,Black, In the Ear,4.1,9930,229,599,370
Portronics Harmonics 216 Bluetooth Headset,Portronics,Blue, In the Ear,4.2,77904,759,1999,1240
Portronics Harmonics 216 Bluetooth Headset,Portronics,Blue, In the Ear,3.3,1842,759,2999,2240
Portronics POR-1070 Conch Gama Wired Headset,Portronics,Red, In the Ear,3.5,55,249,599,350
Portronics Harmonics 216 Bluetooth Headset,Portronics,Black, In the Ear,4,6245,799,1999,1200
Portronics POR-1182 Harmonics 300 Bluetooth Headset,Portronics,Blue, In the Ear,3.8,3440,1234,2999,1765
Portronics Harmonics One Sports Bluetooth Headset,Portronics,Black, In the Ear,3.8,0,797,1999,1202
PREMBROTHERS U&I Hammer Series UINB-4824 Neckband With ...,PREMBROTHERS,Black, Red,3.5,843,949,2999,2050
PREMBROTHERS U&I Titanic series UINB-3987 Neckband With...,PREMBROTHERS,Black, In the Ear,5,0,598,999,401
PTron InTunes Lite Neckband Bluetooth Headset,PTron,Black, Red,3.8,16286,549,1800,1251
PTron Basspods 481 Bluetooth Headset,PTron,Black, Silver,4.2,7050,799,3799,3000
PTron Basspods 481 Bluetooth Headset,PTron,Black, Silver,3.7,5317,799,3799,3000
PTron Basspods 681 Bluetooth Headset,PTron,Black, True Wireless,3.7,6288,1599,3999,2400
PTron Soundster Lite Bluetooth Headset,PTron,Black, On the Ear,3.5,13,799,999,200
PTron Basspods 281 In-Ear True Wireless Bluetooth 5.1 H...,PTron,Black, Grey,3.8,1860,999,2699,1700
PTron Basspods 581 Bluetooth Headset,PTron,Black & Red, True Wireless,3.6,240,999,3799,2800
PTron Basspods 581 Bluetooth Headset,PTron,Black & Yellow, True Wireless,3.5,134,999,3799,2800
"PunnkFunnk K20 Gaming Headset, Over Ear Gaming Headphon...",PunnkFunnk,Black, On the Ear,3.5,1713,949,2499,1550
Qexle Harons_Hbs730_01 Bluetooth Headset,Qexle,Black, In the Ear,4.2,334732,399,1299,900
Qexle Harons_Hbs730_01 Bluetooth Headset,Qexle,Black, In the Ear,4.1,88,399,1099,700
Qexle Neckband BT Compatible 730 With Light Bass Sport ...,Qexle,Black, In the Ear,4,0,399,2848,2449
Qexle HBS-730 bluetooth headset with Bluetooth Headset ...,Qexle,Black, In the Ear,4,1934,449,1399,950
kabeer enterprises 3D Ultra Bass Powerful Sound Redm.i ...,Realme,Black, In the Ear,3.5,1043,256,1199,943
realme Buds Wireless 2 Neo with Type-C Fast Charge & Ba...,realme,Black, In the Ear,4,63970,1499,2499,1000
realme Buds Q2 Neo with Environment Noise Cancellation ...,realme,Black, True Wireless,3.9,217931,1599,2499,900
realme Buds Wireless 2 with Dart Charge and Active Nois...,realme,Yellow, In the Ear,3.9,13327,2299,3499,1200
realme Buds 2 Wired Headset,realme,Black, In the Ear,4.2,229212,599,799,200
realme Buds Wireless 2 with Dart Charge and Active Nois...,realme,Grey, In the Ear,4.1,56420,2299,3499,1200
realme Buds Q2 Neo with Environment Noise Cancellation ...,realme,Blue, True Wireless,3.8,631,1599,2499,900
realme Buds Air 2 with Active Noise Cancellation (ANC) ...,realme,Closer White, True Wireless,3.6,550,3299,4999,1700
realme Buds Classic RMA2001 Wired Earphones with HD Mic...,realme,White, In the Ear,4.2,105190,399,699,300
realme Buds 2 Wired Headset,realme,Orange, In the Ear,4.3,535144,599,799,200
realme Buds Wireless Bluetooth Headset,realme,Yellow, In the Ear,4,4948,1780,1999,219
realme Buds Q2 with Active Noise Cancellation Bluetooth...,realme,Black, In the Ear,3.9,13327,2499,3499,1000
realme Buds Wireless Bluetooth Headset,realme,Green, In the Ear,3.9,18893,1765,1999,234
realme Buds 2 Neo With HD Mic Wired Headset,realme,Black, In the Ear,4.2,19975,499,2499,2000
realme Buds Air 2 with Active Noise Cancellation (ANC) ...,realme,Closer Gold, True Wireless,4.1,16689,3299,1199,-2100
realme Buds 2 Neo With HD Mic Wired Headset,realme,Blue, In the Ear,3.5,20079,499,599,100
realme Buds Wireless Pro with Active Noise Cancellation...,realme,Yellow, In the Ear,3.9,13327,3999,5999,2000
realme Buds Q Bluetooth Headset,realme,White, True Wireless,1,0,1999,799,-1200
realme Buds Wired Headset,realme,Black, In the Ear,3.9,4849,449,1799,1350
realme Buds Air Pro Active Noise Cancellation Enabled B...,realme,Matte Black, True Wireless,3.3,643,4999,5999,1000
realme Buds Air Neo Bluetooth Headset,realme,Red, True Wireless,3.9,5788,2499,2999,500
Reborn 30 Hours non-Stop Backup Unquie HQ Neckband Wire...,Reborn,Black, In the Ear,4,3142,549,1999,1450
Redmi by Mi Hi-Resolution Audio Wired Headset,Redmi,Black, In the Ear,4.2,25388,399,999,600
Redmi by Mi Hi-Resolution Audio Wired Headset,Redmi,Black, In the Ear,4.2,74477,399,599,200
Redmi by Mi Hi-Resolution Audio Wired Headset,Redmi,Red, In the Ear,3.9,13327,399,599,200
REDMI SonicBass Neckband Bluetooth Headset,Redmi,Black, In the Ear,4,2834,1299,4999,3700
Remembrand ThunderBass 450 Bluetooth Headset,Remembrand,Active Black, In the Ear,3.4,181,599,3800,3201
RFV1 TWS Bluetooth Earphones Touch Sensor with in Built...,RFV1,White, True Wireless,3.7,45,499,999,500
RJFuture I12 TWS Earphone Wireless Earbuds Bluetooth He...,RJFuture,White, In the Ear,4.1,12,434,1199,765
RJFuture RML NECKBAND Bluetooth Headset,RJFuture,Black, Yellow,3.8,427,219,599,380
RJFuture I12 TWS Earphone Wireless Earbuds Bluetooth He...,RJFuture,White, In the Ear,3.4,64,434,1199,765
RoyalRich LED Display TWS Earbuds Bluetooth Headset,RoyalRich,Black, True Wireless,4,306,999,2999,2000
RPM Euro Games Gaming Earphones Headphones For Mobile P...,RPM,Blue, In the Ear,3.7,1233,699,999,300
RPMSD True Wireless ProBuds Headphone Earphone With Cha...,RPMSD,Black, Red,3.3,40,1327,2995,1668
Ruhi Collection Best Collection Earphones for In-Ear Ha...,Ruhi,White, In the Ear,3.9,35280,169,999,830
D1enterprises Samsung Ehs-61 Orginal earphones on the e...,SAMSUNG,White, In the Ear,3.6,1750,149,999,850
SAMSUNG Level U2 With Type-C Charging Bluetooth Headset,SAMSUNG,Blue, In the Ear,4.2,258319,2199,2999,800
SAMSUNG Original EHS64 Black Wired Headset,SAMSUNG,Black, In the Ear,4.2,6452,499,1999,1500
SAMSUNG Level U2 With Type-C Charging Bluetooth Headset,SAMSUNG,Black, In the Ear,3.3,56,2199,2999,800
samsung uflex Headphone Wired Headset,SAMSUNG,White, In the Ear,3.9,35280,220,500,280
SAMSUNG EHS64 Wired Headset,SAMSUNG,White, In the Ear,5,0,499,2499,2000
SAMSUNG EHS64 Wired Headset,SAMSUNG,White, In the Ear,4.2,77904,499,2499,2000
samsung uflex Headphone Wired Headset,SAMSUNG,White, In the Ear,3.7,0,220,2099,1879
SAMSUNG Original EHS64AVFWECINU Wired Headset,SAMSUNG,White, In the Ear,4.1,287,499,2999,2500
SAMSUNG Original EHS64AVFBECINU Ultra Bass Wired Headse...,SAMSUNG,Black, In the Ear,3.6,53,499,2499,2000
"webster Sa__msung Gal-axy J4 Plus,Note 8,A9,J2 Core,J6 ...",SAMSUNG,White, In the Ear,3.5,1755,175,999,824
Sandarbh i7s Tws Ear Buds Wireless Bluetooth Earphone T...,Sandarbh,White, True Wireless,3.8,610,349,999,650
"SE WORLD P47 WIRELESS HEADPHONE Bluetooth, Wired Headse...",SE,Black, On the Ear,3.8,42,399,1999,1600
Sennheiser PC 5 CHAT Wired Headset,Sennheiser,Black, On the Ear,4.1,214,1490,5999,4509
Skullcandy Ink'd Plus Wireless Bluetooth Headset,Skullcandy,Black, In the Ear,3.9,2469,3000,3999,999
Skullcandy S2DUL-J571 Wired Headset,Skullcandy,Purple/Black, In the Ear,4,1934,629,1099,470
SkyKey TIG-BLK-MEGNET-74 Bluetooth Headset,SkyKey,Black, In the Ear,3.3,1842,176,999,823
SkyKey TIG-BLK-K1-72 Bluetooth Headset,SkyKey,Black, In the Ear,4,333036,151,999,848
SkyKey SN-I7 SINGLE -353 Bluetooth Headset,SkyKey,White, True Wireless,3.4,94,166,799,633
SkyKey SN-I7 SINGLE -353 Bluetooth Headset,SkyKey,White, True Wireless,3.3,85,166,799,633
SmartKart Classical Sound earphone 3.5 mm jack with ext...,SmartKart,White, In the Ear,4.3,36720,198,899,701
SONY 310AP Wired Headset,SONY,Black, On the Ear,4,21132,949,2190,1241
SONY 310AP Wired Headset,SONY,Black, On the Ear,4.2,245914,949,2190,1241
SONY ZX110A Wired without Mic Headset,SONY,White, On the Ear,4.3,36720,709,1390,681
SONY WH-CH510 Google Assistant enabled Bluetooth Headse...,SONY,Black, On the Ear,4.4,8,2990,4990,2000
SONY WI-C200 Bluetooth Headset,SONY,Black, In the Ear,4,1934,2069,2990,921
SONY WI-C200 Bluetooth Headset,SONY,Black, In the Ear,4,35,2069,699,-1370
SONY MDR-EX155AP Gaming Earphones Clear Sound Extra Bas...,SONY,Black, In the Ear,5,0,1290,0,-1290
SONY C400 Bluetooth Headset,SONY,Blue, In the Ear,3.9,14726,3690,1999,-1691
SONY C400 Bluetooth Headset,SONY,Black, In the Ear,3.9,34,3600,3990,390
SONY WI-XB400 Extra Bass Wireless Stereo Headset Blueto...,SONY,Blue, In the Ear,4,0,3319,4990,1671
SONY WF-XB700 With 18 Hours Battery Life Bluetooth Head...,SONY,Blue, True Wireless,3.7,116,6990,11990,5000
SONY C400 Bluetooth Headset,SONY,Black, In the Ear,3.9,4849,3600,3990,390
SONY XB55AP Wired Headset,SONY,Black, In the Ear,3.9,10398,2390,2490,100
SONY WF-H800 With 16hrs Battery Life Bluetooth Headset,SONY,Black, True Wireless,4,2834,6990,16990,10000
SONY WI-C310 Bluetooth Headset,SONY,Black, In the Ear,3.9,28493,2675,2990,315
SONY WI-C310 Bluetooth Headset,SONY,Blue, In the Ear,3.9,35280,1999,2499,500
SONY MDR-EX15AP_Violet Wired Headset,SONY,Violet, In the Ear,3.5,0,885,4999,4114
SONY WI-C200 Bluetooth Headset,SONY,White, In the Ear,3.4,482,2090,2990,900
SONY WH-CH710N Active noise cancellation enabled Blueto...,SONY,Black, On the Ear,3.7,129,7990,14990,7000
Soundcore by Anker Life Q10 with Fast Charging Bluetoot...,Soundcore,Blue, On the Ear,4.4,28087,2499,6999,4500
Soundcore by Anker R100 Fast charging TWS with 25 hours...,Soundcore,White, True Wireless,4,56,1799,4999,3200
Soundcore by Anker Life Note True Wireless Bluetooth He...,Soundcore,Black, True Wireless,3.3,26491,2494,4999,2505
Soundcore by Anker R500 Fast charging neckband with 20 ...,Soundcore,Black, In the Ear,3.6,11,1480,2999,1519
Soundcore by Anker Life Note True Wireless Bluetooth He...,Soundcore,Grey, True Wireless,4,1934,2499,6999,4500
Soundcore by Anker Liberty 2 True Wireless Bluetooth He...,Soundcore,Black, True Wireless,3.7,836,4999,9999,5000
Soundcore by Anker Life Note True Wireless Bluetooth He...,Soundcore,White, True Wireless,3.4,134,2493,6999,4506
Soundcore by Anker Life Note True Wireless Bluetooth He...,Soundcore,Black, True Wireless,3.7,153,2494,6999,4505
SOWME Q20 Bluetooth Magnetic Handsfree Headphones for S...,SOWME,Red, In the Ear,3.6,1201,132,999,867
STYLELTROICS super bass Earphone for Hua_wei /Sam_sung ...,STYLELTROICS,White, In the Ear,4.3,7,240,1199,959
Stylord RML-BT-1 Bluetooth Headset,Stylord,Yellow, In the Ear,4,2110,359,2524,2165
Sunnybuy L21 True Wireless Portable Bluetooth Headset w...,Sunnybuy,Black, True Wireless,3.6,1787,899,1499,600
Sunnybuy In pods 12 Earphone Stereo v5.0 with Touch Sen...,Sunnybuy,Blue, In the Ear,3.5,1205,999,1999,1000
Sunnybuy TWS T8 True Air_buds Wireless High Bass premiu...,Sunnybuy,Black, True Wireless,3.5,154,1199,2999,1800
Sunnybuy i12 TWS Bluetooth 5.0 (Sky Blue) Bluetooth Hea...,Sunnybuy,Blue, True Wireless,5,0,999,1449,450
SYARA WNF_696L_Level Neck Band Bluetooth Headset Blueto...,SYARA,Black, In the Ear,3.8,679,589,1099,510
sykz Air Buds Mini Truly Wireless Bluetooth Headset,sykz,Black, True Wireless,3.4,49,749,1999,1250
tapfuture airpro Bluetooth Headset,tapfuture,White, True Wireless,3.4,302,699,2499,1800
tapfuture L21 TWS Bluetooth Headset,tapfuture,Black, In the Ear,3.6,1904,689,2499,1810
TCL SOCL200BT Bluetooth Headset,TCL,Phantom Black, In the Ear,3.3,1842,1199,2199,1000
TECHEL 38 _BLUETOOTH EARBUDS|BLUETOOTH HEADS Bluetooth ...,TECHEL,White, True Wireless,3.9,316,349,899,550
TECHEL 38 _BLUETOOTH EARBUDS|BLUETOOTH HEADS Bluetooth ...,TECHEL,White, True Wireless,3.9,316,349,899,550
TECHFIRE Fire 500v2 Neckband hi-bass Wireless Bluetooth...,TECHFIRE,Blue, In the Ear,4.1,2472,599,3850,3251
TECHFIRE Fire 500v2 Neckband hi-bass Wireless Bluetooth...,TECHFIRE,Green, In the Ear,3.8,1748,599,3850,3251
TECHFIRE Tf M-31 Neckband hi-bass headphone Wireless Bl...,TECHFIRE,Green, In the Ear,3.7,1507,499,1950,1451
TECHFIRE Platinum Series Neckband - Low Price Bluetooth...,TECHFIRE,Blue, In the Ear,3.4,5543,599,3999,3400
TECHFIRE Platinum Series Neckband - Low Price Bluetooth...,TECHFIRE,Blue, In the Ear,3.8,631,599,2850,2251
TECHFIRE L21 Wireless Earphone Mini Bluetooth 5.0 Headp...,TECHFIRE,Black, In the Ear,3.7,92346,692,2450,1758
TECHFIRE FIRE 300 Platinum Series Neckband - Low Price ...,TECHFIRE,White, In the Ear,4,333036,599,3499,2900
TECHFIRE TF_44 realme Buds Wireless Bluetooth Headset B...,TECHFIRE,black,Yellow,3.1,369,599,3499,2900
TECHFIRE Wired Extra Bass On-Ear Headphones Wired Heads...,TECHFIRE,Black, On the Ear,4.1,3030,259,4999,4740
TECHFIRE M-31 Neckband hi-bass Wireless Bluetooth headp...,TECHFIRE,Black, In the Ear,1,0,598,3850,3252
TECHFIRE Neckband wireless headphones with 16 hours Pla...,TECHFIRE,Red, In the Ear,3.5,843,399,2550,2151
TECHFIRE Platinum Series Neckband - Low Price Bluetooth...,TECHFIRE,Red, In the Ear,3.8,3440,578,2850,2272
TECHFIRE Neckband wireless headphones with 36 hours Pla...,TECHFIRE,Grey, Blue,3.8,131,599,3850,3251
TECHFIRE BULLET M-31 Pro 2 Neckband Wireless Bluetooth ...,TECHFIRE,TEAL GREEN, In the Ear,3.7,54,599,2850,2251
TECHFIRE BULLET M-31 Pro 2 Neckband Wireless Bluetooth ...,TECHFIRE,TEAL GREEN, In the Ear,4.8,4,599,2850,2251
TECHFIRE TUNE 200 Platinum Series Neckband - Low Price ...,TECHFIRE,Black, In the Ear,3.6,558,474,3850,3376
TECHFIRE Platinum Series Neckband - Low Price Bluetooth...,TECHFIRE,Black, In the Ear,3.7,31,599,2850,2251
TECHFIRE TF-110 Pro-36 hours playtime Wireless Neckband...,TECHFIRE,TEAL GREEN, In the Ear,4,3463,599,2850,2251
TECHFIRE Neckband wireless headphones with 16 hours Pla...,TECHFIRE,Yellow, In the Ear,3.5,1070,399,2550,2151
TECHFIRE TUNE 200 Platinum Series Neckband - Low Price ...,TECHFIRE,Yellow, In the Ear,4,10238,474,3850,3376
TECHFIRE Platinum Series Neckband - Low Price Bluetooth...,TECHFIRE,Black, In the Ear,3.8,3440,599,2850,2251
Tecno Ace A2 se Bluetooth Headset,Tecno,Ace A2, True Wireless,3.3,353,394,799,405
Tecno Ace A2 Bluetooth Headset,Tecno,Black, In the Ear,3.3,1842,590,775,185
TEQIR Stereo Music Hanging Neckband Wireless Earphone B...,TEQIR,Black, In the Ear,4,29660,499,999,500
THE MOBILE POINT True Wireless Bluetooth Headset Blueto...,THE,Black, True Wireless,3.4,1917,495,2499,2004
THE MOBILE POINT True Wireless Bluetooth Headset Blueto...,THE,Black, True Wireless,3.4,1917,495,2499,2004
the gifting tree KDM M8 Wired Headset Wired Headset,THE,Black, In the Ear,3.3,3,279,799,520
TIGENECY i7S Single 2 PIC Ear Sound with Mic Bluetooth ...,TIGENECY,White, True Wireless,3.5,85,221,999,778
TIGENECY LOW PRICE ALL MOBILE'SUPPORTED Bluetooth 2 PIC...,TIGENECY,Black, True Wireless,4.1,9930,232,999,767
TIGENECY LOW PRICE ALL MOBILE'SUPPORTED Bluetooth 2 PIC...,TIGENECY,Black, True Wireless,4.3,9,232,999,767
TIGENECY ALL MOBILE SUPPORTED COMBO -K1 Bluetooth MEGNE...,TIGENECY,Black, In the Ear,4.1,3030,239,999,760
TIGENECY Low Price Bluetooth Neckband Bluetooth K1 Head...,TIGENECY,Black, In the Ear,3.8,3374,151,999,848
TIGENECY LOW PRICE ALL MOBILE SUPPORTED COMBO -K1 Bluet...,TIGENECY,Black, In the Ear,4.4,108,225,999,774
TIGENECY LOW PRICE ALL MOBILE SUPPORTED COMBO -K1 Bluet...,TIGENECY,Black, In the Ear,3.9,14726,225,999,774
Tiitan S11 Wired Headset,Tiitan,Black, In the Ear,4.1,404,106,499,393
Tiitan N2 Bluetooth Headset,Tiitan,Black, In the Ear,3.6,1686,329,1599,1270
Tiitan S11 Wired Headset,Tiitan,Black, In the Ear,3.7,3,106,599,493
Tiitan N2 Bluetooth Headset,Tiitan,Black, In the Ear,4.2,72556,329,4990,4661
Togkart TWS i12 Bluetooth Headset,Togkart,Black, True Wireless,3.9,0,455,1499,1044
Togkart TWS i12 Bluetooth Headset,Togkart,Black, True Wireless,3,0,455,1499,1044
touch care High Bass Earphones Wired Headset,touch,White, In the Ear,3.7,170,177,899,722
TRUETAG AIR_POD with Charging Case Bluetooth Headset wi...,TRUETAG,White, True Wireless,4,0,1449,3999,2550
Truke Buds S1 Bluetooth Headset,Truke,Black, True Wireless,3.6,2567,1399,3999,2600
Truke Buds Q1 with Environmental Noise Cancellation(ENC...,Truke,Blue, True Wireless,4,26069,1199,3499,2300
Truke BTG 1 Gaming Earbuds with 60ms Low Latency Blueto...,Truke,Black, True Wireless,4,6100,1599,3499,1900
Truke Buds S1 Bluetooth Headset,Truke,Blue, True Wireless,4,21398,1399,3999,2600
Truke Fit 1 Bluetooth Headset,Truke,Blue, True Wireless,3.9,14974,799,799,0
Truke Buds Q1 with Environmental Noise Cancellation(ENC...,Truke,Black, True Wireless,3.8,35074,1199,3499,2300
Truke Fit 1 Bluetooth Headset,Truke,Black, True Wireless,3.9,35280,799,4999,4200
Truke Fit Pro Power Bluetooth Headset,Truke,Blue, True Wireless,4,543,999,3999,3000
Truke Fit Pro Bluetooth Headset,Truke,Black, True Wireless,3.7,5317,799,4999,4200
Truke Fit Pro Bluetooth Headset,Truke,Black, True Wireless,4,2834,799,4999,4200
Truke Fit Pro Bluetooth Headset,Truke,Green, True Wireless,4.5,23,799,4999,4200
Truke Fit Pro Bluetooth Headset,Truke,Green, True Wireless,3.7,18513,799,1599,800
tvAt HIGH BASS ISOLATED EARPHONE Wired Headset,tvAt,White, In the Ear,3.9,55,147,299,152
U&I Fighter Series Deep Bass Neckband with 12 Hours Mus...,U&I,Black, In the Ear,4.3,1049774,399,1999,1600
U&I Fighter Series Deep Bass Neckband with 12 Hours Mus...,U&I,Black, In the Ear,4,2834,399,1999,1600
U&I Crash 30Hrs MusicTime WirelessNeckband with Call Vi...,U&I,Black, In the Ear,4.1,82872,449,2499,2050
U&I Alarm Series 40Hrs Music Time Wireless Neckband Ear...,U&I,Black, In the Ear,3.6,1904,495,2999,2504
U&I Alarm Series 40Hrs Music Time Wireless Neckband Ear...,U&I,Red, In the Ear,4.1,2472,495,2999,2504
U&I Prank 30Hrs Music Time Wireless Neckband Bluetooth ...,U&I,Black, In the Ear,4.4,81,439,2199,1760
U&I Fighter Series Deep Bass Neckband with 12 Hours Mus...,U&I,Black, In the Ear,3.9,13327,399,1999,1600
U&I Bigger Series Neckband with 100 Hours Battery Backu...,U&I,Black, In the Ear,4,1325,699,3499,2800
U&I Fighter Series Deep Bass Neckband with 12 Hours Mus...,U&I,Black, In the Ear,4.2,258319,399,1999,1600
U&I Fighter Series Deep Bass Neckband with 12 Hours Mus...,U&I,Black, In the Ear,3.9,13327,399,1200,801
U&I Pasta Series Extra Bass Wired Earphone with Mic Wir...,U&I,Brown, In the Ear,4.3,44831,170,2499,2329
U&i Prime Shuffle 2 Wireless Neckband with Sports and M...,U&i,Black, In the Ear,3.5,17,499,1025,526
U&I Zip Series Wired Headphone with Mic Wired Headset,U&I,Blue, On the Ear,3.4,490,299,799,500
U&I Fighter Series Deep Bass Neckband with 12 Hours Mus...,U&I,Black, In the Ear,4.3,114916,399,1999,1600
U&I Smash Series Neckband with 12 Hours Battery Backup ...,U&I,Black, In the Ear,3.4,1211,539,2199,1660
U&I Fighter Series Deep Bass Neckband with 12 Hours Mus...,U&I,Black, In the Ear,3.7,0,399,1999,1600
U&I Fighter Series Deep Bass Neckband with 12 Hours Mus...,U&I,Black, In the Ear,3.8,52,399,1999,1600
U&I Possible Series Neckband with 60 Hours Music Time B...,U&I,Black, In the Ear,4,35,599,2999,2400
U&I Fighter Series Deep Bass Neckband with 12 Hours Mus...,U&I,Black, In the Ear,4,140618,399,1999,1600
U&I Possible Series Neckband with 60 Hours Music Time B...,U&I,Black, In the Ear,4,1032,599,1999,1400
U&I Fighter Series Deep Bass Neckband with 12 Hours Mus...,U&I,Black, In the Ear,3.3,4052,399,950,551
U&I Leather Series 100hours Music Time Bluetooth Headse...,U&I,Red1, In the Ear,3.4,0,899,0,-899
U&I Nice Series IPX4 Neckband with 10 Hours Battery Bac...,U&I,Black, In the Ear,3.9,4050,599,2299,1700
U&i Prime Shuffle 4 IPX5 Bluetooth Headset with 15 Hour...,U&i,Green, In the Ear,3.5,16,999,3999,3000
U&I Fighter Series Deep Bass Neckband with 12 Hours Mus...,U&I,Black, In the Ear,4,0,399,1999,1600
U&i Prime Shuffle 4 IPX5 Bluetooth Headset with 15 Hour...,U&i,Green, In the Ear,4,1431,999,3999,3000
U&I Fighter Series Deep Bass Neckband with 12 Hours Mus...,U&I,Black, In the Ear,3.7,0,399,1999,1600
U&I Yes Series Original True Wireless Headset - 8 Hours...,U&I,White, True Wireless,4,92275,949,2499,1550
Ubon Passion Series CL-75 Bluetooth Headset,Ubon,Black, In the Ear,3.7,31,589,1499,910
Ubon Passion Series CL-75 Bluetooth Headset,Ubon,Black, In the Ear,3.7,31,589,899,310
Ubon Passion Series CL-75 Bluetooth Headset,Ubon,Black, In the Ear,3.6,464,589,1499,910
Ubon Passion Series CL-75 Bluetooth Headset,Ubon,Black, In the Ear,3.7,3,589,1499,910
Ubon CL-116 Neckband Bluetooth Headset,Ubon,Yellow, In the Ear,4,333036,489,1999,1510
Ubon CL-116 Neckband Bluetooth Headset,Ubon,Yellow, In the Ear,3.8,825,489,2499,2010
Ubon CL-20FB Wireless Neckband | Built-in 6hrs Bluetoot...,Ubon,Red, In the Ear,3.6,39073,559,2499,1940
Ubon Classic Fit BT-160 Single ear Bluetooth Headset,Ubon,Black, True Wireless,3.9,188,579,1699,1120
"Ubon Wireless Neckband FLEETBEAT CL-76, Built-in SD-car...",Ubon,Black, In the Ear,3.5,3534,799,899,100
Ubon BT-5720 Rapstar Wireless 5.0 On Ear Headphone 10 H...,Ubon,Black, On the Ear,3.5,1638,999,1999,1000
Ubon UB-785 Champ Earphone Wired Headset,Ubon,Black, In the Ear,3.6,6222,149,175,26
Ubon CL-66 Sound King 70 Hrs Backup Wireless 5.0 Neckba...,Ubon,Multicolor, In the Ear,3.1,583,1299,3999,2700
Ubon Computer Headphone UB-1460 with Mic Wired Headset,Ubon,Black, On the Ear,3.9,10398,499,1199,700
Ubon UB-720 Inline Wired Earphone Wired Headset,Ubon,Black, In the Ear,3.5,8889,179,399,220
Ubon CL-117 Neckband Bluetooth Headset,Ubon,Orange, In the Ear,4.1,166582,489,1999,1510
Ubon BT-5720 Rapstar Wireless 5.0 On Ear Headphone 10 H...,Ubon,Black, On the Ear,3.8,355,999,1999,1000
Ubon Passion Series CL-75 Bluetooth Headset,Ubon,Black, In the Ear,3.9,480,589,1499,910
Ubon BT-230 Wireless Headphone Immersive Audio Lightwei...,Ubon,Black, On the Ear,4.2,35,899,1999,1100
Ucool Prime 48 Hours Playtime Wireless Neckband Earphon...,Ucool,Black, In the Ear,4,805,599,1999,1400
Ucool EliteSport 50 Hours Playtime Wireless Neckband Ea...,Ucool,Black, Grey,4.1,82872,749,399,-350
Ucool EliteSport 50 Hours Playtime Wireless Neckband Ea...,Ucool,Black, Grey,3.3,1842,749,2999,2250
Ucool SoundSport 80 Hours Playtime Wireless Neckband Ea...,Ucool,Brown, Silver,3.7,6288,799,3499,2700
Ucool Prime 48 Hours Playtime Wireless Neckband Earphon...,Ucool,Red, In the Ear,4,805,599,1996,1397
Ucool Evolvesport 30 Hours Backup Wireless Neckband Ear...,Ucool,Yellow, In the Ear,4,412,499,1999,1500
Ucool Evolvesport 30 Hours Backup Wireless Neckband Ear...,Ucool,Yellow, In the Ear,3.9,1204,499,1999,1500
ULTADOR HBS-730 Sports Stereo Headphones Bluetooth Head...,ULTADOR,Black, In the Ear,3.8,1575,399,1799,1400
ULTADOR Wireless NECKBAND BLUETOOTH 40 HOURS BATTERY MU...,ULTADOR,Black, In the Ear,3.9,18893,899,2099,1200
ULTADOR Wireless NECKBAND BLUETOOTH 40 HOURS BATTERY MU...,ULTADOR,Black, In the Ear,5,0,899,1699,800
"ULTADOR Earbuds WirelessEarphones Noise Cancellation, 1...",ULTADOR,Black, True Wireless,4.3,140,849,1699,850
ULTADOR i 12 Q2 Neo with Environment Cancellation Bluet...,ULTADOR,White, True Wireless,3,0,749,1899,1150
Unix SUPER BASS METAL DYNAMIC Wired Headset,Unix,Black, In the Ear,4,6102,141,299,158
Unix SUPER BASS METAL DYNAMIC Wired Headset,Unix,Black, In the Ear,3.9,10398,141,1999,1858
Vingajoy Quick Charge CL-50 Wireless Neckband 45H Playt...,Vingajoy,Black, In the Ear,3.9,35280,995,2999,2004
Vingajoy Quick Charge CL-50 Wireless Neckband 45H Playt...,Vingajoy,Black, In the Ear,3.9,246,995,2999,2004
Alafi Viv_o hendfree for Red_mi/Op_po/Sam_sung/Mo_to /H...,VlVO,White, In the Ear,4,1032,149,800,651
VlVO High Bass Earphones Wired Headset,VlVO,White, In the Ear,3.4,327,179,1995,1816
VR WORLD Bt01 Blutooth Headset Bluetooth Headset,VR,Black, In the Ear,3.3,188,181,1190,1009
"Wanzhow Wireless Headphones with Mic, SweatProof Dual P...",Wanzhow,White, True Wireless,3.5,573,379,1399,1020
WeCool Moonwalk Mini in ear bluetooth Earbuds with 16 h...,WeCool,Black, Yellow,3.4,0,849,1999,1150
WeCool Moonwalk Mini in ear bluetooth Earbuds with 16 h...,WeCool,Black, Yellow,3.9,18893,849,1999,1150
WeCool Moonwalk Mini in ear bluetooth Earbuds with 16 h...,WeCool,Black, Yellow,4.3,1049774,849,1999,1150
WeCool IN-EAR WIRED EARPHONES WITH MIC Wired Headset,WeCool,Red, In the Ear,3.9,13339,279,2499,2220
WeCool Moonwalk Mini in ear bluetooth Earbuds with 16 h...,WeCool,Black, Yellow,3.9,18893,849,0,-849
WeCool Moonwalk M3-V2 Bluetooth In Ear True wireless Ea...,WeCool,Black, True Wireless,3.8,107,1199,3999,2800
WeCool Moonwalk Mini in ear bluetooth Earbuds with 16 h...,WeCool,Black, Yellow,3.8,0,849,1999,1150
WeCool Moonwalk M1 Bluetooth Earbuds with 20 hours play...,WeCool,Black, True Wireless,3.9,10398,799,1999,1200
WeCool Moonwalk Mini in ear bluetooth Earbuds with 16 h...,WeCool,Black, Yellow,5,0,849,1999,1150
WeCool In Ear USB Type C earphones/ headphones with mic...,WeCool,Black, In the Ear,3.7,117,399,1999,1600
WGM B12 Sports Bluetooth Bluetooth Headset,WGM,Black, In the Ear,3.9,35280,300,1299,999
Wings Phantom Pro Gaming TWS with 30 Hrs Playtime Bluet...,Wings,Black, True Wireless,4,1934,2493,5499,3006
Wings Phantom Pro Gaming TWS with 30 Hrs Playtime Bluet...,Wings,Black, True Wireless,4,1934,2493,5499,3006
Wings Phantom Pro Gaming TWS with 30 Hrs Playtime Bluet...,Wings,Black, True Wireless,4,1934,2493,5499,3006
Wings Phantom Pro Gaming TWS with 30 Hrs Playtime Bluet...,Wings,Black, True Wireless,4,1934,2493,5499,3006
Wings Phantom Pro Gaming TWS with 30 Hrs Playtime Bluet...,Wings,Black, True Wireless,4,1934,2493,5499,3006
Wings Phantom Pro Gaming TWS with 30 Hrs Playtime Bluet...,Wings,Black, True Wireless,4,1934,2493,5499,3006
Wings Phantom Pro Gaming TWS with 30 Hrs Playtime Bluet...,Wings,Black, True Wireless,4,1934,2493,5499,3006
Wings Phantom Pro Gaming TWS with 30 Hrs Playtime Bluet...,Wings,Black, True Wireless,4,1934,2493,5499,3006
Wings Phantom Pro Gaming TWS with 30 Hrs Playtime Bluet...,Wings,Black, True Wireless,4,1934,2493,5499,3006
Wings Phantom Pro Gaming TWS with 30 Hrs Playtime Bluet...,Wings,Black, True Wireless,3.9,9212,2493,5499,3006
Wings Phantom Pro Gaming TWS with 30 Hrs Playtime Bluet...,Wings,Black, True Wireless,4,1193,2493,5499,3006
Wings Phantom 500 with ENC and 40 ms latency Bluetooth ...,Wings,Black, True Wireless,3.7,1582,2499,4999,2500
Wings Phantom Pro Gaming TWS with 30 Hrs Playtime Bluet...,Wings,Black, True Wireless,4,1934,2493,4999,2506
Wings Phantom Pro Gaming TWS with 30 Hrs Playtime Bluet...,Wings,Black, True Wireless,3.9,13327,2493,1499,-994
Wings Phantom Pro Gaming TWS with 30 Hrs Playtime Bluet...,Wings,Black, True Wireless,3.3,869,2493,3499,1006
Wings Phantom Pro Gaming TWS with 30 Hrs Playtime Bluet...,Wings,Black, True Wireless,3.4,35,2493,5499,3006
Wings Phantom Pro Gaming TWS with 30 Hrs Playtime Bluet...,Wings,Black, True Wireless,4,1934,2493,5499,3006
Wings Phantom Pro Gaming TWS with 30 Hrs Playtime Bluet...,Wings,Black, True Wireless,3.9,56,2493,5499,3006
Wings Phantom Pro Gaming TWS with 30 Hrs Playtime Bluet...,Wings,Black, True Wireless,4.3,4234,2493,5499,3006
Wings Phantom Pro Gaming TWS with 30 Hrs Playtime Bluet...,Wings,Black, True Wireless,4,9,2493,5499,3006
Wings Phantom Pro Gaming TWS with 30 Hrs Playtime Bluet...,Wings,Black, True Wireless,4,1934,2493,5499,3006
Wings Phantom Pro Gaming TWS with 30 Hrs Playtime Bluet...,Wings,Black, True Wireless,3.8,49,2493,5499,3006
WOKIT Mini Wireless Bluetooth Stereo In-Ear Headset / E...,WOKIT,Black, On the Ear,3.3,1842,299,1998,1699
Worricow 100% Wireless Portable Sh-12 Sports Stereo Hea...,Worricow,Black, On the Ear,3.8,914,479,1499,1020
Worricow Sport HBS-730 Neckband Wireless Bluetooth Wate...,Worricow,Black, In the Ear,3.3,102,239,1999,1760
Worricow Sport HBS-730 Neckband Wireless Bluetooth Wate...,Worricow,Black, In the Ear,1,0,239,1999,1760
wow wireless true wireless airpods bluetooth headset wi...,wow,Black, True Wireless,4.1,173069,799,2499,1700
wow wireless Duel Driver Wired Headset (Blue In ear) Wi...,wow,Blue, In the Ear,3.8,355,235,999,764
wow wireless Duel Driver Wired Headset (Blue In ear) Wi...,wow,Blue, In the Ear,3.6,1904,235,999,764
wow wireless basic wired headset with noice cancellatio...,wow,Blue, In the Ear,3.7,197,235,599,364
wow wireless WX-250 BLUETOOTH NECKBAND WITH 30 HOURS BA...,wow,Blue, In the Ear,4,2834,649,2499,1850
WRAPMAXTECH OG True Wireless R11 Bluetooth Headset,WRAPMAXTECH,Black, True Wireless,3.8,476,849,1900,1051
XB9 bluetooth neckband RED 01 Bluetooth Headset,XB9,Red, In the Ear,3.3,56,300,999,699
XB9 bluetooth neckband BLUE 01 Bluetooth Headset,XB9,Blue, In the Ear,4.2,19975,300,999,699
XB9 b11 neckband wirless headset P1 Bluetooth Headset,XB9,Blue, In the Ear,3.7,38,300,999,699
YODNSO 42472 Wired Headset,YODNSO,Black, In the Ear,3.8,107,148,2499,2351
YODNSO 42472 Wired Headset,YODNSO,Black, In the Ear,4,26069,148,1200,1052
"YODNSO Op_po F9 Pro, F11 A3s, A7, A5, A83, F5, F7, K1 E...",YODNSO,White, In the Ear,4.2,6771,149,800,651
"YODNSO Op_po F9 Pro, F11 A3s, A7, A5, A83, F5, F7, K1 E...",YODNSO,White, In the Ear,3.5,4,149,800,651
youshee tech i7s tws Bluetooth Headset,youshee,White, True Wireless,3.6,97,359,999,640
yRut NEW SOON_NY SUPER BASS SOUND LOW PRICE IN2 BLUETOO...,yRut,Blue, In the Ear,4.3,114661,498,999,501
ZEBRONICS ZEB-SYMPHONY Bluetooth Headset,ZEBRONICS,Black, In the Ear,4.3,114661,649,2850,2201
ZEBRONICS ZEB-SYMPHONY Bluetooth Headset,ZEBRONICS,Black, In the Ear,4,70713,649,1199,550
ZEBRONICS ZEB-Thunder(Black) Bluetooth Headset,ZEBRONICS,Black, On the Ear,4,41082,849,1199,350
ZEBRONICS Evolve Bluetooth Headset,ZEBRONICS,Grey, Black,3.9,9212,664,1499,835
ZEBRONICS Zeb-Thunder PRO Wireless Bluetooth Headset,ZEBRONICS,Black, On the Ear,3.3,1842,986,1899,913
ZEBRONICS Evolve Bluetooth Headset,ZEBRONICS,Grey, Black,3.9,9212,664,1499,835
ZEBRONICS Zeb-Thunder PRO Wireless Bluetooth Headset,ZEBRONICS,Black, On the Ear,4.1,1712,986,1899,913
ZEBRONICS Zeb-Evolve Bluetooth Headset,ZEBRONICS,Metallic Red, In the Ear,3.7,20584,699,1499,800
ZEBRONICS ZEB-200HM MULTIMEDIA HEADPHONE WITH MIC Wired...,ZEBRONICS,Black, On the Ear,3.7,17002,499,799,300
ZEBRONICS Zeb Duke 101 Wireless Headphone with Mic Blue...,ZEBRONICS,Blue, On the Ear,4.1,569,937,1899,962
ZEBRONICS Yoga Bluetooth Headset,ZEBRONICS,Black, Yellow,3.6,800,949,2499,1550
ZEBRONICS Zeb-Rush Wired Gaming Headset,ZEBRONICS,Red, On the Ear,4.1,172,1149,2499,1350
ZEBRONICS Zeb-Iron Head Wired Gaming Headset,ZEBRONICS,Black, On the Ear,3.8,86505,999,2799,1800
ZEBRONICS ZEB-BANG Bluetooth Headset,ZEBRONICS,Orange, On the Ear,3.8,13,795,1599,804
ZEBRONICS Zeb-Rush Wired Gaming Headset,ZEBRONICS,Blue, On the Ear,4.1,172,1149,2499,1350
ZEBRONICS Zeb-Bang Bluetooth Headset,ZEBRONICS,Black, On the Ear,4,6781,840,1599,759
ZEBRONICS ZEB-COROLLA Wired Headset,ZEBRONICS,Black, In the Ear,3.5,2649,199,399,200
ZEBRONICS Zeb-Thunder(Blue) Bluetooth Headset,ZEBRONICS,Blue, On the Ear,4.3,4051,799,1199,400
ZEBRONICS ZEB-BRO+ Extra Heavy bass earphone Wired Head...,ZEBRONICS,Black, In the Ear,4,0,228,349,121
ZEBRONICS Zeb-Lark Wireless Bluetooth Headset,ZEBRONICS,Red, In the Ear,3.4,1396,999,1449,450
ZEBRONICS ZEB DUKE 101 Wireless Headphone with Mic Blue...,ZEBRONICS,Black, On the Ear,4,4,944,1899,955
ZEBRONICS Zeb Yoga 90 Plus Bluetooth Headset,ZEBRONICS,Blue, Black,3.8,42,899,2299,1400
ZEBRONICS ZEB-COROLLA Wired Headset,ZEBRONICS,Black, In the Ear,3.6,8279,199,399,200
ZEBRONICS ZEB DUKE 101 Wireless Headphone with Mic Blue...,ZEBRONICS,Black, On the Ear,3.5,573,944,1899,955
ZEBRONICS ZEB-LARK Bluetooth Headset,ZEBRONICS,Gray, In the Ear,3.7,6288,855,1399,544
"ZEBRONICS Zeb - Thunder Wired, Bluetooth Headset",ZEBRONICS,Neon Yellow, On the Ear,3.5,8,899,2499,1600
ZEBRONICS Zeb Duke 101 Wireless Headphone with Mic Blue...,ZEBRONICS,Red, On the Ear,3.8,2949,937,1899,962
ZEBRONICS ZEB-LARK Bluetooth Headset,ZEBRONICS,Gray, In the Ear,3.6,753,855,1399,544
ZEBRONICS Zeb- Yoga 90 Pro Wireless Neckband (Black) Bl...,ZEBRONICS,Black, In the Ear,4.1,9,937,2999,2062
ZEBRONICS Zeb-lark Bluetooth Headset,ZEBRONICS,Orange, In the Ear,3.5,573,1150,1399,249
ZINUX Cyan 3.5mm Headphone with in-line Mic for Hi-Fi A...,ZINUX,Blue, Multicolor,3.9,221939,148,599,451
ZINUX Cyan 3.5mm Headphone with in-line Mic for Hi-Fi A...,ZINUX,Blue, Multicolor,3.6,745,148,1999,1851
zofia 2EARBUD Bluetooth Headset,zofia,Black, True Wireless,4.2,38,1299,2999,1700
ZOYASLIX Best Sam_sung ys Hendfree S6 FOR J4/J5/J7/J8/A...,ZOYASLIX,White, In the Ear,4.8,6,202,800,598
ZOYASLIX Best Sam_sung ys Hendfree S6 FOR J4/J5/J7/J8/A...,ZOYASLIX,White, In the Ear,4.3,7,202,800,598
ZSIV BT-22 SUPER BASS Grey With Long Life Battery Bluet...,ZSIV,Black, In the Ear,4,6245,449,1699,1250
ZSIV BT-22 SUPER BASS Grey With Long Life Battery Bluet...,ZSIV,Black, In the Ear,5,0,449,2499,2050
